Date,Price,Open,High,Low,Change,TimeIndex,Price_lag1,Price_lag2
2021-01-05,28379.2,28266.1,28416.9,28262.6,0.44,3,28256.1,28331.0
2021-01-06,28458.4,28391.5,28519.2,28324.1,0.28,4,28379.2,28256.1
2021-01-07,28316.7,28465.0,28510.0,28259.1,-0.5,5,28458.4,28379.2
2021-01-08,28182.0,28324.9,28337.3,28122.7,-0.48,6,28316.7,28458.4
2021-01-11,28003.4,28181.6,28204.6,27975.2,-0.63,7,28182.0,28316.7
2021-01-12,28150.8,28022.5,28165.3,27989.5,0.53,8,28003.4,28182.0
2021-01-13,28038.9,28161.9,28193.2,27999.2,-0.4,9,28150.8,28003.4
2021-01-14,28036.6,28040.7,28091.4,27932.3,-0.01,10,28038.9,28150.8
2021-01-15,27857.9,28033.7,28054.5,27849.9,-0.64,11,28036.6,28038.9
2021-01-18,27858.1,27875.3,27917.5,27806.8,0,12,27857.9,28036.6
2021-01-19,27973.5,27863.3,28020.3,27853.0,0.41,13,27858.1,27857.9
2021-01-20,27926.3,27981.1,28054.8,27864.1,-0.17,14,27973.5,27858.1
2021-01-21,28045.6,27932.2,28086.6,27924.1,0.43,15,27926.3,27973.5
2021-01-22,28069.3,28062.3,28127.1,28023.6,0.08,16,28045.6,27926.3
2021-01-25,27987.9,28073.4,28114.6,27950.5,-0.29,17,28069.3,28045.6
2021-01-26,28047.3,28002.4,28091.2,27930.2,0.21,18,27987.9,28069.3
2021-01-27,27936.6,28054.3,28078.2,27815.5,-0.39,19,28047.3,27987.9
2021-01-28,27949.8,27937.8,28000.0,27854.7,0.05,20,27936.6,28047.3
2021-01-29,27971.1,27951.6,28019.5,27865.3,0.08,21,27949.8,27936.6
2021-02-01,27790.0,27981.5,27995.3,27780.3,-0.65,22,27971.1,27949.8
2021-02-02,27726.8,27791.8,27882.7,27658.4,-0.23,23,27790.0,27971.1
2021-02-03,27700.0,27734.4,27790.5,27631.6,-0.1,24,27726.8,27790.0
2021-02-04,27530.5,27705.2,27725.9,27531.0,-0.61,25,27700.0,27726.8
2021-02-05,27696.6,27547.1,27728.2,27490.6,0.6,26,27530.5,27700.0
2021-02-08,27674.3,27708.6,27743.3,27613.4,-0.08,27,27696.6,27530.5
2021-02-09,27881.2,27696.5,27899.9,27687.3,0.75,28,27674.3,27696.6
2021-02-10,27878.9,27891.9,27950.6,27866.6,-0.01,29,27881.2,27674.3
2021-02-11,27906.5,27889.6,27963.2,27876.9,0.1,30,27878.9,27881.2
2021-02-12,27883.5,27917.2,27929.8,27804.4,-0.08,31,27906.5,27878.9
2021-02-15,27906.5,27901.1,27952.9,27885.0,0.08,32,27883.5,27906.5
2021-02-16,27853.6,27913.7,28010.4,27835.5,-0.19,33,27906.5,27883.5
2021-02-17,27697.1,27862.0,27873.5,27668.6,-0.56,34,27853.6,27906.5
2021-02-18,27820.5,27704.3,27839.6,27685.3,0.45,35,27697.1,27853.6
2021-02-19,27890.9,27829.3,27957.8,27786.1,0.25,36,27820.5,27697.1
2021-02-22,27978.5,27893.3,28022.6,27838.4,0.31,37,27890.9,27820.5
2021-02-23,27973.1,27989.2,28045.6,27946.9,-0.02,38,27978.5,27890.9
2021-02-24,27994.6,27981.4,28032.2,27876.8,0.08,39,27973.1,27978.5
2021-02-25,28035.2,28006.9,28196.8,27983.5,0.15,40,27994.6,27973.1
2021-02-26,27788.3,28040.2,28063.2,27762.5,-0.88,41,28035.2,27994.6
2021-03-01,27732.2,27801.6,27859.8,27698.2,-0.2,42,27788.3,28035.2
2021-03-02,27831.3,27748.8,27846.3,27606.9,0.36,43,27732.2,27788.3
2021-03-03,27766.7,27837.1,27891.3,27727.9,-0.23,44,27831.3,27732.2
2021-03-04,27544.5,27776.2,27785.4,27534.2,-0.8,45,27766.7,27831.3
2021-03-05,27448.4,27550.3,27574.5,27395.5,-0.35,46,27544.5,27766.7
2021-03-08,27268.5,27461.1,27486.5,27281.5,-0.66,47,27448.4,27544.5
2021-03-09,27436.8,27289.6,27480.6,27261.9,0.62,48,27268.5,27448.4
2021-03-10,27489.5,27442.6,27504.0,27361.1,0.19,49,27436.8,27268.5
2021-03-11,27624.3,27495.9,27641.1,27469.4,0.49,50,27489.5,27436.8
2021-03-12,27555.3,27623.8,27638.8,27459.1,-0.25,51,27624.3,27489.5
2021-03-15,27531.0,27557.1,27595.2,27491.8,-0.09,52,27555.3,27624.3
2021-03-16,27467.6,27534.5,27590.0,27427.2,-0.23,53,27531.0,27555.3
2021-03-17,27603.3,27482.6,27633.7,27409.6,0.49,54,27467.6,27531.0
2021-03-18,27481.9,27617.6,27656.2,27463.6,-0.44,55,27603.3,27467.6
2021-03-19,27463.8,27484.3,27549.2,27398.1,-0.07,56,27481.9,27603.3
2021-03-22,27536.6,27456.9,27571.2,27392.3,0.27,57,27463.8,27481.9
2021-03-23,27333.3,27537.8,27557.4,27330.2,-0.74,58,27536.6,27463.8
2021-03-24,27262.1,27352.1,27360.3,27258.1,-0.26,59,27333.3,27536.6
2021-03-25,27156.0,27267.4,27312.7,27151.4,-0.39,60,27262.1,27333.3
2021-03-26,27220.7,27156.0,27253.6,27154.9,0.24,61,27156.0,27262.1
2021-03-29,27134.9,27229.3,27234.0,27134.4,-0.31,62,27220.7,27156.0
2021-03-30,27024.2,27142.5,27168.0,27024.3,-0.41,63,27134.9,27220.7
2021-03-31,27061.2,27034.7,27137.4,27004.6,0.14,64,27024.2,27134.9
2021-04-01,27159.0,27068.1,27177.6,27020.7,0.36,65,27061.2,27024.2
2021-04-02,27138.5,27169.5,27203.2,27109.7,-0.08,66,27159.0,27061.2
2021-04-05,27258.6,27138.5,27281.7,27090.2,0.44,67,27138.5,27159.0
2021-04-06,27419.4,27266.7,27428.1,27229.7,0.59,68,27258.6,27138.5
2021-04-07,27407.8,27420.0,27515.9,27388.9,-0.04,69,27419.4,27258.6
2021-04-08,27498.8,27403.9,27536.4,27381.7,0.33,70,27407.8,27419.4
2021-04-09,27449.7,27501.8,27520.2,27371.9,-0.18,71,27498.8,27407.8
2021-04-12,27470.5,27428.4,27497.1,27382.9,0.08,72,27449.7,27498.8
2021-04-13,27560.5,27476.3,27584.2,27404.3,0.33,73,27470.5,27449.7
2021-04-14,27642.8,27564.6,27667.1,27561.2,0.3,74,27560.5,27470.5
2021-04-15,27606.8,27648.6,27676.7,27586.7,-0.13,75,27642.8,27560.5
2021-04-16,27641.2,27613.3,27671.2,27569.1,0.12,76,27606.8,27642.8
2021-04-19,27763.7,27644.7,27801.9,27547.8,0.44,77,27641.2,27606.8
2021-04-20,27764.9,27771.9,27875.8,27740.8,0,78,27763.7,27641.2
2021-04-21,27767.3,27775.4,27792.7,27685.4,0.01,79,27764.9,27763.7
2021-04-22,27718.6,27770.8,27849.1,27670.3,-0.18,80,27767.3,27764.9
2021-04-23,27912.4,27723.3,27917.1,27714.1,0.7,81,27718.6,27767.3
2021-04-26,27830.0,27900.9,27957.7,27790.4,-0.3,82,27912.4,27718.6
2021-04-27,27855.5,27835.3,27868.3,27781.8,0.09,83,27830.0,27912.4
2021-04-28,27939.9,27864.8,27969.9,27785.5,0.3,84,27855.5,27830.0
2021-04-29,27939.1,27948.0,28004.5,27901.2,0,85,27939.9,27855.5
2021-04-30,27706.3,27942.7,27959.9,27702.9,-0.83,86,27939.1,27939.9
2021-05-03,27805.4,27737.5,27842.4,27694.8,0.36,87,27706.3,27939.1
2021-05-04,27690.0,27813.6,27818.2,27671.4,-0.42,88,27805.4,27706.3
2021-05-05,27683.5,27702.0,27747.5,27638.5,-0.02,89,27690.0,27805.4
2021-05-06,27828.0,27685.3,27849.4,27650.1,0.52,90,27683.5,27690.0
2021-05-07,28047.9,27834.5,28075.9,27799.1,0.79,91,27828.0,27683.5
2021-05-10,27969.5,28049.3,28088.6,27966.1,-0.28,92,28047.9,27828.0
2021-05-11,28002.6,27971.3,28090.5,27954.5,0.12,93,27969.5,28047.9
2021-05-12,27827.3,28013.3,28021.4,27815.3,-0.63,94,28002.6,27969.5
2021-05-13,27827.7,27829.1,27908.9,27776.4,0,95,27827.3,28002.6
2021-05-14,27980.3,27844.4,28005.7,27822.5,0.55,96,27827.7,27827.3
2021-05-17,28003.2,27981.5,28047.0,27945.6,0.08,97,27980.3,27827.7
2021-05-18,28154.9,28009.0,28190.7,28004.4,0.54,98,28003.2,27980.3
2021-05-19,28050.4,28161.9,28221.0,28022.8,-0.37,99,28154.9,28003.2
2021-05-20,28174.8,28049.3,28190.2,28043.5,0.44,100,28050.4,28154.9
2021-05-21,28077.5,28186.7,28220.6,28037.3,-0.35,101,28174.8,28050.4
2021-05-24,28156.0,28077.6,28199.9,28057.5,0.28,102,28077.5,28174.8
2021-05-25,28250.8,28164.1,28289.5,28154.9,0.34,103,28156.0,28077.5
2021-05-26,28104.1,28254.9,28276.9,28086.3,-0.52,104,28250.8,28156.0
2021-05-27,28096.5,28110.5,28164.0,28072.2,-0.03,105,28104.1,28250.8
2021-05-28,28094.2,28109.8,28129.4,27959.4,-0.01,106,28096.5,28104.1
2021-05-31,28166.4,28097.7,28195.9,28075.0,0.26,107,28094.2,28096.5
2021-06-01,28139.0,28183.2,28242.3,28140.9,-0.1,108,28166.4,28094.2
2021-06-02,28129.5,28147.8,28179.0,28026.5,-0.03,109,28139.0,28166.4
2021-06-03,27934.9,28133.7,28148.7,27921.8,-0.69,110,28129.5,28139.0
2021-06-04,28033.0,27948.3,28085.0,27893.7,0.35,111,27934.9,28129.5
2021-06-07,28034.7,28042.4,28071.8,27951.1,0.01,112,28033.0,27934.9
2021-06-08,27934.9,28041.9,28069.9,27918.9,-0.36,113,28034.7,28033.0
2021-06-09,27954.6,27940.7,28068.3,27934.9,0.07,114,27934.9,28034.7
2021-06-10,27924.2,27966.4,27992.5,27866.4,-0.11,115,27954.6,27934.9
2021-06-11,27777.2,27929.5,27993.2,27747.4,-0.53,116,27924.2,27954.6
2021-06-14,27801.2,27787.6,27835.2,27746.6,0.09,117,27777.2,27924.2
2021-06-15,27820.9,27807.7,27882.0,27768.8,0.07,118,27801.2,27777.2
2021-06-16,27521.4,27829.7,27851.6,27522.1,-1.08,119,27820.9,27801.2
2021-06-17,27336.2,27527.8,27571.7,27308.8,-0.67,120,27521.4,27820.9
2021-06-18,27272.1,27346.7,27448.8,27246.9,-0.23,121,27336.2,27521.4
2021-06-21,27421.2,27296.4,27440.3,27212.3,0.55,122,27272.1,27336.2
2021-06-22,27487.3,27431.1,27525.9,27357.8,0.24,123,27421.2,27272.1
2021-06-23,27451.3,27492.5,27562.1,27426.9,-0.13,124,27487.3,27421.2
2021-06-24,27442.6,27461.9,27507.7,27416.8,-0.03,125,27451.3,27487.3
2021-06-25,27469.8,27449.0,27574.7,27436.4,0.1,126,27442.6,27451.3
2021-06-28,27449.1,27480.3,27504.5,27404.4,-0.08,127,27469.8,27442.6
2021-06-29,27382.3,27459.6,27474.6,27345.0,-0.24,128,27449.1,27469.8
2021-06-30,27283.1,27389.9,27422.8,27261.3,-0.36,129,27382.3,27449.1
2021-07-01,27262.3,27294.7,27350.4,27239.9,-0.08,130,27283.1,27382.3
2021-07-02,27284.8,27269.8,27313.7,27156.1,0.08,131,27262.3,27283.1
2021-07-05,27275.6,27283.8,27330.5,27250.0,-0.03,132,27284.8,27262.3
2021-07-06,27198.9,27282.5,27369.8,27166.2,-0.28,133,27275.6,27284.8
2021-07-07,27132.4,27206.4,27250.4,27118.1,-0.24,134,27198.9,27275.6
2021-07-08,27244.9,27142.2,27308.8,27120.7,0.41,135,27132.4,27198.9
2021-07-09,27307.9,27252.5,27331.6,27199.3,0.23,136,27244.9,27132.4
2021-07-12,27299.4,27308.6,27351.3,27247.7,-0.03,137,27307.9,27244.9
2021-07-13,27092.0,27308.7,27342.9,27089.2,-0.76,138,27299.4,27307.9
2021-07-14,27233.5,27099.5,27245.7,27089.2,0.52,139,27092.0,27299.4
2021-07-15,27178.2,27239.9,27275.0,27142.6,-0.2,140,27233.5,27092.0
2021-07-16,27164.5,27185.2,27207.7,27135.2,-0.05,141,27178.2,27233.5
2021-07-19,27159.0,27173.2,27223.5,27077.1,-0.02,142,27164.5,27178.2
2021-07-20,27122.3,27168.3,27185.1,27071.2,-0.14,143,27159.0,27164.5
2021-07-21,27147.5,27132.2,27181.0,27052.0,0.09,144,27122.3,27159.0
2021-07-22,27082.8,27152.2,27225.5,27055.2,-0.24,145,27147.5,27122.3
2021-07-23,27076.9,27082.8,27121.8,27041.3,-0.02,146,27082.8,27147.5
2021-07-26,27147.1,27097.6,27192.0,27063.1,0.26,147,27076.9,27082.8
2021-07-27,27178.1,27159.8,27243.1,27077.5,0.11,148,27147.1,27076.9
2021-07-28,27235.4,27186.8,27256.7,27078.5,0.21,149,27178.1,27147.1
2021-07-29,27296.2,27244.1,27316.4,27215.3,0.22,150,27235.4,27178.1
2021-07-30,27241.7,27303.8,27343.6,27204.0,-0.2,151,27296.2,27235.4
2021-08-02,27234.8,27233.8,27307.7,27220.0,-0.03,152,27241.7,27296.2
2021-08-03,27218.7,27240.0,27318.8,27208.6,-0.06,153,27234.8,27241.7
2021-08-04,27155.4,27233.8,27308.7,27152.6,-0.23,154,27218.7,27234.8
2021-08-05,27137.9,27163.0,27200.5,27130.5,-0.06,155,27155.4,27218.7
2021-08-06,26962.2,27145.4,27151.2,26951.9,-0.65,156,27137.9,27155.4
2021-08-09,26907.1,26971.4,27017.2,26902.5,-0.2,157,26962.2,27137.9
2021-08-10,26819.0,26910.5,26922.8,26800.7,-0.33,158,26907.1,26962.2
2021-08-11,26770.9,26824.7,26905.6,26691.8,-0.18,159,26819.0,26907.1
2021-08-12,26748.0,26774.4,26825.7,26741.3,-0.09,160,26770.9,26819.0
2021-08-13,26918.8,26751.6,26954.9,26750.4,0.64,161,26748.0,26770.9
2021-08-16,26886.9,26928.7,26951.7,26869.9,-0.12,162,26918.8,26748.0
2021-08-17,26731.7,26890.5,26909.2,26731.2,-0.58,163,26886.9,26918.8
2021-08-18,26707.0,26736.9,26784.0,26671.1,-0.09,164,26731.7,26886.9
2021-08-19,26630.7,26711.0,26724.7,26609.0,-0.29,165,26707.0,26731.7
2021-08-20,26690.3,26638.3,26717.8,26621.9,0.22,166,26630.7,26707.0
2021-08-23,26803.4,26691.6,26824.6,26685.8,0.42,167,26690.3,26630.7
2021-08-24,26820.3,26813.2,26850.1,26761.0,0.06,168,26803.4,26690.3
2021-08-25,26823.8,26823.8,26839.9,26725.3,0.01,169,26820.3,26803.4
2021-08-26,26772.4,26830.2,26847.8,26764.5,-0.19,170,26823.8,26820.3
2021-08-27,26875.1,26779.3,26899.0,26742.9,0.38,171,26772.4,26823.8
2021-08-30,26863.1,26876.2,26920.6,26837.6,-0.04,172,26875.1,26772.4
2021-08-31,26890.4,26870.6,26992.7,26864.9,0.1,173,26863.1,26875.1
2021-09-01,26943.3,26906.1,26993.6,26846.8,0.2,174,26890.4,26863.1
2021-09-02,27022.9,26956.0,27038.0,26940.1,0.3,175,26943.3,26890.4
2021-09-03,27043.4,27032.3,27112.0,27011.8,0.08,176,27022.9,26943.3
2021-09-06,27011.6,27042.5,27063.3,26984.9,-0.12,177,27043.4,27022.9
2021-09-07,26940.9,27019.1,27072.2,26940.4,-0.26,178,27011.6,27043.4
2021-09-08,26882.8,26949.5,26974.6,26858.4,-0.22,179,26940.9,27011.6
2021-09-09,26919.6,26893.7,26960.6,26874.1,0.14,180,26882.8,26940.9
2021-09-10,26882.8,26923.1,26971.6,26873.8,-0.14,181,26919.6,26882.8
2021-09-13,26873.8,26885.2,26898.4,26788.0,-0.03,182,26882.8,26919.6
2021-09-14,26860.2,26884.7,26963.8,26856.8,-0.05,183,26873.8,26882.8
2021-09-15,26888.6,26871.6,26931.9,26852.2,0.11,184,26860.2,26873.8
2021-09-16,26766.6,26892.0,26904.8,26738.3,-0.45,185,26888.6,26860.2
2021-09-17,26697.8,26764.4,26846.5,26696.2,-0.26,186,26766.6,26888.6
2021-09-20,26696.7,26715.5,26726.3,26640.9,0,187,26697.8,26766.6
2021-09-21,26675.7,26701.3,26744.1,26662.2,-0.08,188,26696.7,26697.8
2021-09-22,26597.3,26688.4,26759.0,26592.8,-0.29,189,26675.7,26696.7
2021-09-23,26713.5,26603.1,26751.2,26591.7,0.44,190,26597.3,26675.7
2021-09-24,26661.1,26722.7,26746.6,26635.1,-0.2,191,26713.5,26597.3
2021-09-27,26620.3,26689.7,26699.7,26599.8,-0.15,192,26661.1,26713.5
2021-09-28,26587.1,26629.5,26643.6,26557.6,-0.12,193,26620.3,26661.1
2021-09-29,26382.1,26592.8,26612.4,26371.3,-0.77,194,26587.1,26620.3
2021-09-30,26346.8,26387.3,26431.4,26315.1,-0.13,195,26382.1,26587.1
2021-10-01,26384.5,26360.6,26417.5,26316.3,0.14,196,26346.8,26382.1
2021-10-04,26443.6,26382.2,26494.3,26365.6,0.22,197,26384.5,26346.8
2021-10-05,26385.5,26453.4,26454.5,26350.3,-0.22,198,26443.6,26384.5
2021-10-06,26289.9,26402.6,26440.1,26238.9,-0.36,199,26385.5,26443.6
2021-10-07,26276.3,26301.5,26344.2,26278.1,-0.05,200,26289.9,26385.5
2021-10-08,26323.0,26290.1,26366.3,26263.9,0.18,201,26276.3,26289.9
2021-10-11,26278.5,26349.2,26373.8,26279.1,-0.17,202,26323.0,26276.3
2021-10-12,26232.0,26299.2,26333.3,26226.3,-0.18,203,26278.5,26323.0
2021-10-13,26379.9,26235.4,26394.7,26233.1,0.56,204,26232.0,26278.5
2021-10-14,26384.5,26383.3,26456.2,26361.7,0.02,205,26379.9,26232.0
2021-10-15,26394.7,26397.0,26448.8,26370.8,0.04,206,26384.5,26379.9
2021-10-18,26419.8,26395.4,26461.5,26336.2,0.09,207,26394.7,26384.5
2021-10-19,26468.6,26427.2,26558.0,26419.3,0.18,208,26419.8,26394.7
2021-10-20,26507.3,26474.9,26532.4,26434.5,0.15,209,26468.6,26419.8
2021-10-21,26437.8,26510.7,26557.0,26435.5,-0.26,210,26507.3,26468.6
2021-10-22,26501.6,26443.5,26522.6,26437.8,0.24,211,26437.8,26507.3
2021-10-25,26397.8,26494.2,26550.1,26373.0,-0.39,212,26501.6,26437.8
2021-10-26,26382.2,26411.7,26460.2,26364.6,-0.06,213,26397.8,26501.6
2021-10-27,26404.9,26391.9,26460.8,26365.2,0.09,214,26382.2,26397.8
2021-10-28,26569.7,26413.0,26607.4,26353.7,0.62,215,26404.9,26382.2
2021-10-29,26301.3,26576.7,26601.7,26242.7,-1.01,216,26569.7,26404.9
2021-11-01,26399.1,26298.5,26418.6,26271.7,0.37,217,26301.3,26569.7
2021-11-02,26335.4,26414.0,26421.8,26330.3,-0.24,218,26399.1,26301.3
2021-11-03,26409.3,26340.5,26426.3,26300.1,0.28,219,26335.4,26399.1
2021-11-04,26202.2,26413.8,26427.5,26151.3,-0.78,220,26409.3,26335.4
2021-11-05,26231.7,26210.3,26252.1,26111.5,0.11,221,26202.2,26409.3
2021-11-08,26256.1,26207.9,26276.0,26171.1,0.09,222,26231.7,26202.2
2021-11-09,26267.5,26261.3,26310.0,26219.4,0.04,223,26256.1,26231.7
2021-11-10,26009.2,26271.5,26280.6,26004.6,-0.98,224,26267.5,26256.1
2021-11-11,25928.5,26019.4,26034.1,25914.4,-0.31,225,26009.2,26267.5
2021-11-12,25922.8,25933.7,25956.8,25887.7,-0.02,226,25928.5,26009.2
2021-11-15,25740.6,25933.1,25970.7,25717.4,-0.7,227,25922.8,25928.5
2021-11-16,25637.5,25745.7,25791.0,25615.5,-0.4,228,25740.6,25922.8
2021-11-17,25635.3,25642.6,25672.6,25511.8,-0.01,229,25637.5,25740.6
2021-11-18,25750.8,25640.9,25770.1,25631.9,0.45,230,25635.3,25637.5
2021-11-19,25575.2,25761.0,25767.8,25493.6,-0.68,231,25750.8,25635.3
2021-11-22,25467.5,25589.9,25602.3,25464.0,-0.42,232,25575.2,25750.8
2021-11-23,25500.3,25479.9,25567.8,25453.8,0.13,233,25467.5,25575.2
2021-11-24,25392.5,25510.5,25541.6,25379.9,-0.42,234,25500.3,25467.5
2021-11-25,25404.0,25412.8,25466.3,25406.1,0.05,235,25392.5,25500.3
2021-11-26,25664.7,25415.3,25698.7,25407.3,1.03,236,25404.0,25392.5
2021-11-29,25614.7,25632.9,25663.6,25547.8,-0.19,237,25664.7,25404.0
2021-11-30,25719.1,25628.3,25833.1,25497.3,0.41,238,25614.7,25664.7
2021-12-01,25705.4,25732.2,25805.4,25672.5,-0.05,239,25719.1,25614.7
2021-12-02,25682.6,25713.4,25800.8,25678.0,-0.09,240,25705.4,25719.1
2021-12-03,25827.6,25692.8,25886.9,25621.0,0.56,241,25682.6,25705.4
2021-12-06,25978.1,25857.2,26113.9,25777.4,0.58,242,25827.6,25682.6
2021-12-07,25990.7,25988.3,26118.8,25907.5,0.05,243,25978.1,25827.6
2021-12-08,25995.9,25998.6,26051.2,25834.1,0.02,244,25990.7,25978.1
2021-12-09,25949.0,26007.2,26059.2,25928.1,-0.18,245,25995.9,25990.7
2021-12-10,26043.6,25962.6,26081.5,25918.8,0.36,246,25949.0,25995.9
2021-12-13,25922.7,26061.9,26085.7,25874.3,-0.46,247,26043.6,25949.0
2021-12-14,25891.1,25931.8,26062.3,25887.7,-0.12,248,25922.7,26043.6
2021-12-15,25989.4,25907.0,26028.4,25848.7,0.38,249,25891.1,25922.7
2021-12-16,26043.1,25997.3,26121.8,25958.5,0.21,250,25989.4,25891.1
2021-12-17,25824.9,26051.7,26084.8,25819.7,-0.84,251,26043.1,25989.4
2021-12-20,25851.3,25836.9,25921.8,25772.5,0.1,252,25824.9,26043.1
2021-12-21,25875.3,25858.7,25922.8,25817.7,0.09,253,25851.3,25824.9
2021-12-22,25994.2,25868.9,26043.5,25839.5,0.46,254,25875.3,25851.3
2021-12-23,25997.8,26003.3,26059.3,25912.2,0.01,255,25994.2,25875.3
2021-12-24,25848.0,26005.2,26010.9,25827.4,-0.58,256,25997.8,25994.2
2021-12-27,25834.6,25861.6,25882.2,25769.7,-0.05,257,25848.0,25997.8
2021-12-28,25824.1,25848.2,25926.4,25784.1,-0.04,258,25834.6,25848.0
2021-12-29,25896.1,25833.2,25948.0,25730.6,0.28,259,25824.1,25834.6
2021-12-30,25774.5,25903.5,25927.5,25725.5,-0.47,260,25896.1,25824.1
2021-12-31,25947.5,25780.2,26025.0,25745.0,0.67,261,25774.5,25896.1
2022-01-03,25778.6,25975.9,26011.3,25779.3,-0.65,262,25947.5,25774.5
2022-01-04,25675.6,25821.6,25847.9,25647.7,-0.4,263,25778.6,25947.5
2022-01-05,25742.7,25683.0,25825.8,25656.9,0.26,264,25675.6,25778.6
2022-01-06,25681.4,25750.7,25823.2,25674.5,-0.24,265,25742.7,25675.6
2022-01-07,25767.9,25691.6,25788.3,25620.4,0.34,266,25681.4,25742.7
2022-01-10,25699.8,25760.0,25824.1,25615.8,-0.26,267,25767.9,25681.4
2022-01-11,25796.3,25707.8,25823.0,25679.9,0.38,268,25699.8,25767.9
2022-01-12,25971.1,25801.4,26000.0,25774.2,0.68,269,25796.3,25699.8
2022-01-13,26009.8,25976.2,26082.5,25943.7,0.15,270,25971.1,25796.3
2022-01-14,25921.2,26024.6,26079.0,25890.6,-0.34,271,26009.8,25971.1
2022-01-17,25916.7,25926.9,25992.9,25890.6,-0.02,272,25921.2,26009.8
2022-01-18,25764.4,25931.5,26057.0,25750.7,-0.59,273,25916.7,25921.2
2022-01-19,25744.1,25766.6,25833.5,25716.8,-0.08,274,25764.4,25916.7
2022-01-20,25611.5,25752.0,25820.1,25600.2,-0.51,275,25744.1,25764.4
2022-01-21,25656.8,25621.7,25708.8,25595.6,0.18,276,25611.5,25744.1
2022-01-24,25674.9,25669.2,25736.1,25611.4,0.07,277,25656.8,25611.5
2022-01-25,25569.6,25689.6,25703.2,25492.7,-0.41,278,25674.9,25656.8
2022-01-26,25429.3,25579.8,25635.2,25430.4,-0.55,279,25569.6,25674.9
2022-01-27,25216.6,25441.7,25451.9,25201.7,-0.84,280,25429.3,25569.6
2022-01-28,25233.3,25234.5,25310.2,25187.9,0.07,281,25216.6,25429.3
2022-01-31,25437.1,25246.8,25477.9,25227.6,0.81,282,25233.3,25216.6
2022-02-01,25518.7,25445.0,25548.1,25414.4,0.32,283,25437.1,25233.3
2022-02-02,25593.4,25526.6,25664.7,25517.5,0.29,284,25518.7,25437.1
2022-02-03,25901.3,25605.8,25938.8,25519.8,1.2,285,25593.4,25518.7
2022-02-04,25919.5,25909.3,26012.4,25845.9,0.07,286,25901.3,25593.4
2022-02-07,25933.3,25970.4,25975.7,25872.7,0.05,287,25919.5,25901.3
2022-02-08,25926.9,25937.3,25978.1,25884.9,-0.02,288,25933.3,25919.5
2022-02-09,25905.1,25938.3,26002.6,25888.2,-0.08,289,25926.9,25933.3
2022-02-10,25916.4,25932.4,26075.8,25800.2,0.04,290,25905.1,25926.9
2022-02-11,25745.2,25921.6,25929.5,25703.8,-0.66,291,25916.4,25905.1
2022-02-14,25690.6,25736.7,25819.0,25638.3,-0.21,292,25745.2,25916.4
2022-02-15,25834.9,25700.8,25870.2,25688.3,0.56,293,25690.6,25745.2
2022-02-16,25873.6,25849.7,25932.7,25806.5,0.15,294,25834.9,25690.6
2022-02-17,25883.8,25882.7,25949.8,25787.0,0.04,295,25873.6,25834.9
2022-02-18,25834.5,25894.0,26052.2,25829.9,-0.19,296,25883.8,25873.6
2022-02-21,25786.8,25832.1,25977.2,25783.3,-0.18,297,25834.5,25883.8
2022-02-22,25838.0,25797.0,25940.6,25744.0,0.2,298,25786.8,25834.5
2022-02-23,25812.8,25847.1,25930.9,25796.2,-0.1,299,25838.0,25786.8
2022-02-24,25560.2,25824.8,25825.9,25368.9,-0.98,300,25812.8,25838.0
2022-02-25,25711.3,25565.3,25740.8,25487.2,0.59,301,25560.2,25812.8
2022-02-28,25584.9,25521.7,25654.4,25391.5,-0.49,302,25711.3,25560.2
2022-03-01,25381.7,25588.3,25630.4,25303.5,-0.79,303,25584.9,25711.3
2022-03-02,25400.4,25389.0,25465.3,25238.4,0.07,304,25381.7,25584.9
2022-03-03,25264.6,25399.1,25413.9,25196.6,-0.53,305,25400.4,25381.7
2022-03-04,24944.1,25275.4,25277.7,24863.6,-1.27,306,25264.6,25400.4
2022-03-07,24791.4,25016.7,25016.7,24690.6,-0.61,307,24944.1,25264.6
2022-03-08,24898.8,24801.4,25039.7,24787.8,0.43,308,24791.4,24944.1
2022-03-09,25289.8,24910.6,25340.5,24879.8,1.57,309,24898.8,24791.4
2022-03-10,25079.7,25292.5,25418.7,25069.2,-0.83,310,25289.8,24898.8
2022-03-11,24952.2,25087.5,25266.5,24940.4,-0.51,311,25079.7,25289.8
2022-03-14,25039.4,25035.4,25177.4,24904.7,0.35,312,24952.2,25079.7
2022-03-15,25055.9,25052.6,25221.5,25003.0,0.07,313,25039.4,24952.2
2022-03-16,25240.1,25072.8,25277.2,25052.4,0.74,314,25055.9,25039.4
2022-03-17,25355.0,25250.9,25471.0,25186.9,0.46,315,25240.1,25055.9
2022-03-18,25258.0,25362.3,25427.5,25157.2,-0.38,316,25355.0,25240.1
2022-03-21,25178.0,25288.7,25310.4,25170.5,-0.32,317,25258.0,25355.0
2022-03-22,25221.0,25189.9,25266.1,25067.2,0.17,318,25178.0,25258.0
2022-03-23,25168.3,25226.1,25262.5,25078.5,-0.21,319,25221.0,25178.0
2022-03-24,25144.5,25171.1,25195.1,25078.6,-0.09,320,25168.3,25221.0
2022-03-25,25103.7,25151.8,25244.8,25101.8,-0.16,321,25144.5,25168.3
2022-03-28,25095.7,25124.7,25163.6,25020.5,-0.03,322,25103.7,25144.5
2022-03-29,25345.8,25111.3,25468.7,25087.3,1,323,25095.7,25103.7
2022-03-30,25498.2,25353.2,25534.1,25342.9,0.6,324,25345.8,25095.7
2022-03-31,25270.3,25503.3,25566.1,25262.7,-0.89,325,25498.2,25345.8
2022-04-01,25241.7,25273.0,25303.0,25185.7,-0.11,326,25270.3,25498.2
2022-04-04,25062.1,25212.0,25261.8,25040.9,-0.71,327,25241.7,25270.3
2022-04-05,24938.4,25070.6,25132.1,24932.6,-0.49,328,25062.1,25241.7
2022-04-06,24910.2,24947.5,25013.6,24865.0,-0.11,329,24938.4,25062.1
2022-04-07,24866.0,24914.1,25007.6,24836.3,-0.18,330,24910.2,24938.4
2022-04-08,24862.5,24870.5,24902.4,24773.3,-0.01,331,24866.0,24910.2
2022-04-11,24878.5,24999.6,25037.3,24856.7,0.06,332,24862.5,24866.0
2022-04-12,24778.6,24878.4,24960.4,24769.3,-0.4,333,24878.5,24862.5
2022-04-13,24912.5,24783.0,24938.2,24739.0,0.54,334,24778.6,24878.5
2022-04-14,24796.1,24918.7,25012.2,24635.1,-0.47,335,24912.5,24778.6
2022-04-15,24744.7,24797.7,24805.8,24696.2,-0.21,336,24796.1,24912.5
2022-04-18,24675.4,24744.5,24784.6,24662.2,-0.28,337,24744.7,24796.1
2022-04-19,24759.3,24693.1,24827.5,24665.0,0.34,338,24675.4,24744.7
2022-04-20,24916.1,24766.6,24959.9,24756.2,0.63,339,24759.3,24675.4
2022-04-21,24881.6,24918.8,25114.1,24825.4,-0.14,340,24916.1,24759.3
2022-04-22,24788.4,24887.3,24926.6,24736.0,-0.37,341,24881.6,24916.1
2022-04-25,24617.1,24900.2,24902.5,24585.4,-0.69,342,24788.4,24881.6
2022-04-26,24428.6,24623.3,24678.5,24432.4,-0.77,343,24617.1,24788.4
2022-04-27,24239.6,24437.0,24482.1,24147.4,-0.77,344,24428.6,24617.1
2022-04-28,24099.2,24247.3,24262.2,24038.8,-0.58,345,24239.6,24428.6
2022-04-29,24204.2,24096.2,24323.1,24084.7,0.44,346,24099.2,24239.6
2022-05-02,24114.7,24226.5,24270.1,24088.7,-0.37,347,24204.2,24099.2
2022-05-03,24156.0,24123.2,24291.9,24092.2,0.17,348,24114.7,24204.2
2022-05-04,24392.2,24148.4,24418.4,24129.8,0.98,349,24156.0,24114.7
2022-05-05,24194.6,24397.8,24443.7,24086.6,-0.81,350,24392.2,24156.0
2022-05-06,24219.8,24204.8,24335.0,24060.9,0.1,351,24194.6,24392.2
2022-05-09,24223.7,24222.6,24313.7,24089.1,0.02,352,24219.8,24194.6
2022-05-10,24150.0,24229.9,24291.3,24147.0,-0.3,353,24223.7,24219.8
2022-05-11,24227.9,24156.2,24394.7,24148.1,0.32,354,24150.0,24223.7
2022-05-12,23971.3,24235.4,24310.6,23915.0,-1.06,355,24227.9,24150.0
2022-05-13,24034.8,23973.9,24060.9,23894.4,0.26,356,23971.3,24227.9
2022-05-16,24090.4,24022.5,24121.9,23976.7,0.23,357,24034.8,23971.3
2022-05-17,24384.7,24099.9,24410.8,24087.2,1.22,358,24090.4,24034.8
2022-05-18,24217.3,24394.6,24430.4,24204.3,-0.69,359,24384.7,24090.4
2022-05-19,24498.3,24228.6,24557.5,24206.6,1.16,360,24217.3,24384.7
2022-05-20,24457.0,24511.2,24559.6,24403.8,-0.17,361,24498.3,24217.3
2022-05-23,24766.4,24495.3,24793.8,24462.9,1.27,362,24457.0,24498.3
2022-05-24,24913.6,24776.4,24960.3,24709.4,0.59,363,24766.4,24457.0
2022-05-25,24766.9,24931.3,24937.1,24686.8,-0.59,364,24913.6,24766.4
2022-05-26,24885.0,24784.2,24910.1,24735.8,0.48,365,24766.9,24913.6
2022-05-27,24881.3,24895.0,24986.7,24805.2,-0.02,366,24885.0,24766.9
2022-05-30,24976.8,24906.0,25005.4,24880.5,0.38,367,24881.3,24885.0
2022-05-31,24884.5,24984.6,24988.0,24763.4,-0.37,368,24976.8,24881.3
2022-06-01,24699.1,24892.1,24922.9,24654.5,-0.74,369,24884.5,24976.8
2022-06-02,24923.2,24704.4,24940.2,24697.5,0.91,370,24699.1,24884.5
2022-06-03,24854.2,24928.6,24969.2,24824.7,-0.28,371,24923.2,24699.1
2022-06-06,24788.7,24866.5,24929.7,24769.7,-0.26,372,24854.2,24923.2
2022-06-07,24805.6,24796.4,24848.1,24700.8,0.07,373,24788.7,24854.2
2022-06-08,24842.6,24813.3,24929.1,24743.4,0.15,374,24805.6,24788.7
2022-06-09,24576.7,24853.7,24953.7,24573.9,-1.07,375,24842.6,24805.6
2022-06-10,24370.6,24589.0,24669.3,24353.8,-0.84,376,24576.7,24842.6
2022-06-13,24134.4,24372.4,24388.6,24126.8,-0.97,377,24370.6,24576.7
2022-06-14,24173.2,24151.2,24347.3,24130.3,0.16,378,24134.4,24370.6
2022-06-15,24256.8,24180.7,24408.1,24068.0,0.35,379,24173.2,24134.4
2022-06-16,24505.1,24267.8,24635.9,24113.9,1.02,380,24256.8,24173.2
2022-06-17,24376.4,24512.7,24539.4,24262.6,-0.53,381,24505.1,24256.8
2022-06-20,24412.4,24326.5,24504.8,24326.5,0.15,382,24376.4,24505.1
2022-06-21,24445.4,24421.2,24588.6,24414.2,0.14,383,24412.4,24376.4
2022-06-22,24547.8,24455.3,24646.9,24334.0,0.42,384,24445.4,24412.4
2022-06-23,24462.0,24553.9,24598.5,24370.8,-0.35,385,24547.8,24445.4
2022-06-24,24534.9,24474.2,24582.0,24438.2,0.3,386,24462.0,24547.8
2022-06-27,24600.2,24542.5,24678.4,24527.4,0.27,387,24534.9,24462.0
2022-06-28,24459.6,24607.5,24664.5,24430.0,-0.57,388,24600.2,24534.9
2022-06-29,24286.3,24464.9,24516.1,24281.1,-0.71,389,24459.6,24600.2
2022-06-30,24375.9,24296.2,24402.7,24153.7,0.37,390,24286.3,24459.6
2022-07-01,24297.2,24384.0,24422.5,24168.3,-0.32,391,24375.9,24286.3
2022-07-04,24317.4,24303.6,24432.3,24288.4,0.08,392,24297.2,24375.9
2022-07-05,23976.7,24328.4,24420.5,23912.9,-1.4,393,24317.4,24297.2
2022-07-06,23791.4,23991.2,24012.2,23755.6,-0.77,394,23976.7,24317.4
2022-07-07,23721.3,23802.3,23897.0,23690.1,-0.29,395,23791.4,23976.7
2022-07-08,23782.4,23727.5,23823.1,23525.0,0.26,396,23721.3,23791.4
2022-07-11,23438.1,23762.8,23788.4,23430.2,-1.45,397,23782.4,23721.3
2022-07-12,23475.5,23445.4,23568.3,23364.8,0.16,398,23438.1,23782.4
2022-07-13,23528.3,23482.9,23680.7,23388.3,0.22,399,23475.5,23438.1
2022-07-14,23452.5,23535.7,23545.1,23306.4,-0.32,400,23528.3,23475.5
2022-07-15,23654.0,23462.2,23686.0,23444.6,0.86,401,23452.5,23528.3
2022-07-18,23772.8,23654.4,23922.3,23624.8,0.5,402,23654.0,23452.5
2022-07-19,23936.4,23780.5,24048.1,23705.7,0.69,403,23772.8,23654.0
2022-07-20,23824.4,23946.2,24061.7,23783.0,-0.47,404,23936.4,23772.8
2022-07-21,23943.8,23836.9,24068.3,23774.4,0.5,405,23824.4,23936.4
2022-07-22,23891.4,23952.4,24004.2,23708.1,-0.22,406,23943.8,23824.4
2022-07-25,23899.5,23901.2,23994.6,23813.8,0.03,407,23891.4,23943.8
2022-07-26,23636.4,23904.6,23978.3,23623.1,-1.1,408,23899.5,23891.4
2022-07-27,23847.2,23645.3,23897.9,23604.4,0.89,409,23636.4,23899.5
2022-07-28,23811.2,23842.9,23918.3,23628.2,-0.15,410,23847.2,23636.4
2022-07-29,23843.7,23825.6,23961.4,23679.6,0.14,411,23811.2,23847.2
2022-08-01,23964.6,23848.8,24004.7,23818.5,0.51,412,23843.7,23811.2
2022-08-02,23740.7,23970.9,24047.9,23738.7,-0.93,413,23964.6,23843.7
2022-08-03,23775.3,23745.7,23890.4,23685.6,0.15,414,23740.7,23964.6
2022-08-04,23968.5,23785.1,23993.5,23754.2,0.81,415,23775.3,23740.7
2022-08-05,23808.3,23973.6,23990.0,23719.8,-0.67,416,23968.5,23775.3
2022-08-08,23844.1,23807.5,23910.9,23760.7,0.15,417,23808.3,23968.5
2022-08-09,23878.4,23853.6,23972.1,23830.2,0.14,418,23844.1,23808.3
2022-08-10,24079.5,23890.5,24254.3,23856.2,0.84,419,23878.4,23844.1
2022-08-11,24131.5,24088.2,24251.3,24028.1,0.22,420,24079.5,23878.4
2022-08-12,23995.5,24134.3,24163.5,23952.7,-0.56,421,24131.5,24079.5
2022-08-15,23774.4,24012.3,24027.6,23766.6,-0.92,422,23995.5,24131.5
2022-08-16,23800.8,23784.2,23865.6,23693.6,0.11,423,23774.4,23995.5
2022-08-17,23822.2,23805.9,23879.8,23742.8,0.09,424,23800.8,23774.4
2022-08-18,23606.9,23824.8,23856.4,23592.1,-0.9,425,23822.2,23800.8
2022-08-19,23479.6,23615.5,23628.8,23478.7,-0.54,426,23606.9,23822.2
2022-08-22,23271.9,23501.0,23522.5,23240.6,-0.88,427,23479.6,23606.9
2022-08-23,23352.7,23282.7,23479.5,23191.3,0.35,428,23271.9,23479.6
2022-08-24,23343.0,23365.9,23440.0,23227.9,-0.04,429,23352.7,23271.9
2022-08-25,23359.8,23362.7,23502.8,23307.3,0.07,430,23343.0,23352.7
2022-08-26,23320.7,23369.4,23628.9,23296.7,-0.17,431,23359.8,23343.0
2022-08-29,23418.3,23378.4,23504.1,23208.5,0.42,432,23320.7,23359.8
2022-08-30,23443.1,23425.6,23544.9,23366.2,0.11,433,23418.3,23320.7
2022-08-31,23583.7,23451.6,23649.0,23394.5,0.6,434,23443.1,23418.3
2022-09-01,23318.7,23591.6,23596.2,23252.5,-1.12,435,23583.7,23443.1
2022-09-02,23335.1,23334.6,23543.4,23327.6,0.07,436,23318.7,23583.7
2022-09-05,23333.4,23345.2,23398.6,23231.0,-0.01,437,23335.1,23318.7
2022-09-06,23291.9,23345.7,23519.4,23208.8,-0.18,438,23333.4,23335.1
2022-09-07,23580.0,23304.1,23617.1,23244.1,1.24,439,23291.9,23333.4
2022-09-08,23530.2,23592.4,23634.3,23388.3,-0.21,440,23580.0,23291.9
2022-09-09,23606.7,23546.1,23825.1,23540.2,0.33,441,23530.2,23580.0
2022-09-12,23797.5,23713.2,23987.3,23665.0,0.81,442,23606.7,23530.2
2022-09-13,23477.6,23808.5,24000.9,23477.9,-1.34,443,23797.5,23606.7
2022-09-14,23547.5,23492.0,23657.8,23453.2,0.3,444,23477.6,23797.5
2022-09-15,23620.0,23550.4,23673.7,23500.0,0.31,445,23547.5,23477.6
2022-09-16,23685.5,23632.4,23747.5,23533.7,0.28,446,23620.0,23547.5
2022-09-19,23719.7,23688.4,23742.5,23588.3,0.14,447,23685.5,23620.0
2022-09-20,23596.6,23731.8,23796.9,23567.3,-0.52,448,23719.7,23685.5
2022-09-21,23299.1,23608.7,23623.4,23251.9,-1.26,449,23596.6,23719.7
2022-09-22,23301.8,23311.1,23488.9,23241.2,0.01,450,23299.1,23596.6
2022-09-23,22965.3,23325.9,23360.3,22921.6,-1.44,451,23301.8,23299.1
2022-09-26,22783.0,22963.1,23024.8,22683.4,-0.79,452,22965.3,23301.8
2022-09-27,22761.8,22799.7,22955.3,22715.6,-0.09,453,22783.0,22965.3
2022-09-28,23098.8,22776.2,23150.1,22644.4,1.48,454,22761.8,22783.0
2022-09-29,23379.3,23110.9,23397.6,22940.9,1.21,455,23098.8,22761.8
2022-09-30,23375.5,23398.8,23515.3,23231.4,-0.02,456,23379.3,23098.8
2022-10-03,23459.7,23387.7,23520.9,23279.2,0.36,457,23375.5,23379.3
2022-10-04,23834.4,23476.7,23886.2,23405.5,1.6,458,23459.7,23375.5
2022-10-05,23583.4,23851.6,23863.5,23478.7,-1.05,459,23834.4,23459.7
2022-10-06,23371.1,23586.1,23709.4,23372.6,-0.9,460,23583.4,23834.4
2022-10-07,23256.6,23378.5,23448.0,23229.4,-0.49,461,23371.1,23583.4
2022-10-10,23156.3,23255.6,23297.4,23123.8,-0.43,462,23256.6,23371.1
2022-10-11,23214.4,23168.4,23397.7,23127.2,0.25,463,23156.3,23256.6
2022-10-12,23236.2,23236.1,23308.0,23140.1,0.09,464,23214.4,23156.3
2022-10-13,23577.3,23243.6,23677.8,23231.6,1.47,465,23236.2,23214.4
2022-10-14,23432.5,23601.7,23685.0,23429.1,-0.61,466,23577.3,23236.2
2022-10-17,23916.2,23473.7,23977.3,23456.8,2.06,467,23432.5,23577.3
2022-10-18,24075.8,23940.8,24138.2,23906.7,0.67,468,23916.2,23432.5
2022-10-19,23890.1,24083.2,24217.4,23879.0,-0.77,469,24075.8,23916.2
2022-10-20,23997.7,23919.4,24171.9,23857.1,0.45,470,23890.1,24075.8
2022-10-21,24472.5,24022.2,24520.8,23971.8,1.98,471,23997.7,23890.1
2022-10-24,24517.1,24514.6,24596.6,24374.1,0.18,472,24472.5,23997.7
2022-10-25,24750.6,24541.8,24799.1,24468.6,0.95,473,24517.1,24472.5
2022-10-26,25021.2,24770.5,25067.4,24705.9,1.09,474,24750.6,24517.1
2022-10-27,24735.7,25041.3,25079.8,24733.2,-1.14,475,25021.2,24750.6
2022-10-28,24728.2,24751.8,24846.3,24651.2,-0.03,476,24735.7,25021.2
2022-10-31,24549.4,24700.9,24766.8,24531.9,-0.72,477,24728.2,24735.7
2022-11-01,24536.9,24555.5,24751.9,24498.2,-0.05,478,24549.4,24728.2
2022-11-02,24380.5,24554.2,24786.6,24379.2,-0.64,479,24536.9,24549.4
2022-11-03,24241.0,24395.3,24461.3,24192.4,-0.57,480,24380.5,24536.9
2022-11-04,24770.5,24243.4,24792.7,24223.5,2.18,481,24241.0,24380.5
2022-11-07,24917.3,24650.9,24959.1,24622.3,0.59,482,24770.5,24241.0
2022-11-08,25050.1,24925.5,25112.8,24801.9,0.53,483,24917.3,24770.5
2022-11-09,24891.8,25055.6,25089.1,24848.3,-0.63,484,25050.1,24917.3
2022-11-10,25382.2,24898.1,25420.8,24705.9,1.97,485,24891.8,25050.1
2022-11-11,25678.1,25387.2,25720.8,25249.9,1.17,486,25382.2,24891.8
2022-11-14,25538.9,25724.5,25728.2,25415.6,-0.54,487,25678.1,25382.2
2022-11-15,25624.3,25549.2,25967.9,25467.5,0.33,488,25538.9,25678.1
2022-11-16,25746.2,25627.3,25874.3,25592.5,0.48,489,25624.3,25538.9
2022-11-17,25698.0,25764.0,25823.6,25570.6,-0.19,490,25746.2,25624.3
2022-11-18,25603.5,25713.3,25791.1,25582.7,-0.37,491,25698.0,25746.2
2022-11-21,25433.5,25596.4,25636.1,25395.2,-0.66,492,25603.5,25698.0
2022-11-22,25600.5,25446.2,25619.2,25437.5,0.66,493,25433.5,25603.5
2022-11-23,25825.3,25609.3,25856.6,25585.8,0.88,494,25600.5,25433.5
2022-11-24,25846.2,25838.0,25961.8,25785.6,0.08,495,25825.3,25600.5
2022-11-25,25738.0,25853.9,25886.6,25648.1,-0.42,496,25846.2,25825.3
2022-11-28,25604.8,25716.2,26012.8,25597.7,-0.52,497,25738.0,25846.2
2022-11-29,25559.3,25622.5,25742.2,25551.1,-0.18,498,25604.8,25738.0
2022-11-30,25627.5,25574.6,25703.5,25358.5,0.27,499,25559.3,25604.8
2022-12-01,25778.9,25648.1,25820.1,25477.2,0.59,500,25627.5,25559.3
2022-12-02,25660.0,25793.1,25834.8,25406.6,-0.46,501,25778.9,25627.5
2022-12-05,25157.4,25623.5,25777.0,25145.6,-1.96,502,25660.0,25778.9
2022-12-06,25104.7,25168.4,25333.5,25100.4,-0.21,503,25157.4,25660.0
2022-12-07,25106.9,25126.8,25242.1,24923.1,0.01,504,25104.7,25157.4
2022-12-08,25102.2,25140.4,25159.5,24969.1,-0.02,505,25106.9,25104.7
2022-12-09,24798.2,25135.7,25201.2,24769.1,-1.21,506,25102.2,25106.9
2022-12-12,24946.9,24819.8,25081.1,24715.4,0.6,507,24798.2,25102.2
2022-12-13,25086.8,24970.9,25217.3,24854.5,0.56,508,24946.9,24798.2
2022-12-14,25124.1,25120.5,25183.7,24941.0,0.15,509,25086.8,24946.9
2022-12-15,24971.1,25153.1,25257.6,24914.4,-0.61,510,25124.1,25086.8
2022-12-16,24952.4,24997.7,25147.0,24983.5,-0.08,511,24971.1,25124.1
2022-12-19,25133.8,25000.1,25261.5,24977.6,0.73,512,24952.4,24971.1
2022-12-20,25203.6,25152.1,25379.6,25132.0,0.28,513,25133.8,24952.4
2022-12-21,25129.1,25239.7,25258.8,25121.2,-0.3,514,25203.6,25133.8
2022-12-22,25031.3,25165.1,25251.6,25004.0,-0.39,515,25129.1,25203.6
2022-12-23,25006.6,25057.2,25134.3,24980.1,-0.1,516,25031.3,25129.1
2022-12-26,25088.0,25026.0,25130.8,25009.5,0.33,517,25006.6,25031.3
2022-12-27,25084.4,25109.8,25181.2,25042.0,-0.01,518,25088.0,25006.6
2022-12-28,25060.8,25115.1,25230.4,25065.6,-0.09,519,25084.4,25088.0
2022-12-29,25160.0,25076.7,25252.1,25074.4,0.4,520,25060.8,25084.4
2022-12-30,25267.4,25186.0,25322.5,25077.3,0.43,521,25160.0,25060.8
2023-01-02,25173.0,25294.2,25308.4,25171.3,-0.37,522,25267.4,25160.0
2023-01-03,24808.3,25203.2,25252.8,24756.5,-1.45,523,25173.0,25267.4
2023-01-04,24918.3,24824.7,25007.6,24807.1,0.44,524,24808.3,25173.0
2023-01-05,24695.7,24945.9,25013.0,24693.3,-0.89,525,24918.3,24808.3
2023-01-06,24970.8,24710.9,24992.0,24603.6,1.11,526,24695.7,24918.3
2023-01-09,25153.9,24965.0,25237.9,24962.7,0.73,527,24970.8,24695.7
2023-01-10,25165.9,25152.3,25231.0,25118.5,0.05,528,25153.9,24970.8
2023-01-11,25209.7,25175.9,25266.7,25147.0,0.17,529,25165.9,25153.9
2023-01-12,25425.5,25219.8,25476.7,25154.3,0.86,530,25209.7,25165.9
2023-01-13,25375.4,25431.0,25479.0,25267.1,-0.2,531,25425.5,25209.7
2023-01-16,25358.1,25394.9,25489.8,25312.1,-0.07,532,25375.4,25425.5
2023-01-17,25273.1,25377.6,25470.6,25246.8,-0.34,533,25358.1,25375.4
2023-01-18,25293.2,25283.1,25524.8,25228.9,0.08,534,25273.1,25358.1
2023-01-19,25378.5,25293.9,25421.0,25274.0,0.34,535,25293.2,25273.1
2023-01-20,25441.8,25403.4,25466.7,25329.5,0.25,536,25378.5,25293.2
2023-01-23,25481.6,25466.7,25625.0,25432.7,0.16,537,25441.8,25378.5
2023-01-24,25500.4,25490.2,25557.0,25405.7,0.07,538,25481.6,25441.8
2023-01-25,25584.8,25528.8,25619.1,25457.3,0.33,539,25500.4,25481.6
2023-01-26,25523.8,25600.4,25630.9,25442.1,-0.24,540,25584.8,25500.4
2023-01-27,25494.0,25541.7,25595.1,25430.6,-0.12,541,25523.8,25584.8
2023-01-30,25450.9,25519.7,25619.1,25440.7,-0.17,542,25494.0,25523.8
2023-01-31,25466.0,25467.7,25500.3,25326.8,0.06,543,25450.9,25494.0
2023-02-01,25758.2,25473.4,25798.5,25445.2,1.15,544,25466.0,25450.9
2023-02-02,25582.9,25771.6,25875.9,25525.3,-0.68,545,25758.2,25466.0
2023-02-03,25298.8,25581.6,25655.5,25306.1,-1.11,546,25582.9,25758.2
2023-02-06,25194.0,25302.6,25379.5,25147.4,-0.41,547,25298.8,25582.9
2023-02-07,25313.4,25189.7,25423.3,25178.5,0.47,548,25194.0,25298.8
2023-02-08,25262.5,25324.1,25399.0,25267.9,-0.2,549,25313.4,25194.0
2023-02-09,25294.0,25272.6,25439.1,25267.9,0.12,550,25262.5,25313.4
2023-02-10,25160.3,25309.5,25348.7,25143.9,-0.53,551,25294.0,25262.5
2023-02-13,25296.2,25175.7,25329.3,25115.5,0.54,552,25160.3,25294.0
2023-02-14,25334.6,25309.3,25510.6,25278.1,0.15,553,25296.2,25160.3
2023-02-15,25242.1,25352.4,25370.1,25184.3,-0.37,554,25334.6,25296.2
2023-02-16,25261.8,25255.1,25396.4,25240.2,0.08,555,25242.1,25334.6
2023-02-17,25462.4,25302.7,25485.0,25244.6,0.79,556,25261.8,25242.1
2023-02-20,25343.1,25458.8,25479.5,25317.5,-0.47,557,25462.4,25261.8
2023-02-21,25236.3,25368.6,25404.7,25231.0,-0.42,558,25343.1,25462.4
2023-02-22,25209.2,25252.3,25373.2,25224.4,-0.11,559,25236.3,25343.1
2023-02-23,25232.0,25236.3,25353.3,25182.1,0.09,560,25209.2,25236.3
2023-02-24,25078.4,25252.7,25296.7,25069.2,-0.61,561,25232.0,25209.2
2023-02-27,25250.0,25083.5,25298.0,25078.1,0.68,562,25078.4,25232.0
2023-02-28,25107.4,25261.1,25294.9,25122.6,-0.56,563,25250.0,25078.4
2023-03-01,25291.5,25128.6,25368.0,25102.4,0.73,564,25107.4,25250.0
2023-03-02,25112.5,25308.7,25322.9,25085.1,-0.71,565,25291.5,25107.4
2023-03-03,25208.5,25138.5,25242.2,25117.7,0.38,566,25112.5,25291.5
2023-03-06,25253.5,25193.6,25309.7,25134.0,0.18,567,25208.5,25112.5
2023-03-07,24933.1,25275.4,25303.8,24940.1,-1.27,568,25253.5,25208.5
2023-03-08,24999.8,24949.6,25082.7,24930.7,0.27,569,24933.1,25253.5
2023-03-09,25053.4,25012.7,25109.7,24988.6,0.21,570,24999.8,24933.1
2023-03-10,25181.3,25074.1,25335.8,25041.6,0.51,571,25053.4,24999.8
2023-03-13,25288.3,25205.6,25359.5,25120.7,0.42,572,25181.3,25053.4
2023-03-14,25295.3,25310.6,25355.1,25169.2,0.03,573,25288.3,25181.3
2023-03-15,24920.0,25313.8,25396.3,24792.9,-1.48,574,25295.3,25288.3
2023-03-16,24985.4,24939.1,25075.6,24871.6,0.26,575,24920.0,25295.3
2023-03-17,25139.8,25010.7,25208.3,25001.3,0.62,576,24985.4,24920.0
2023-03-20,25264.7,25234.2,25310.2,25070.6,0.5,577,25139.8,24985.4
2023-03-21,25380.2,25286.7,25445.9,25245.8,0.46,578,25264.7,25139.8
2023-03-22,25520.1,25395.2,25674.0,25294.0,0.55,579,25380.2,25264.7
2023-03-23,25439.7,25538.7,25697.6,25436.4,-0.32,580,25520.1,25380.2
2023-03-24,25294.4,25448.2,25472.8,25202.3,-0.57,581,25439.7,25520.1
2023-03-27,25370.6,25328.2,25397.4,25260.3,0.3,582,25294.4,25439.7
2023-03-28,25459.4,25390.3,25490.9,25383.3,0.35,583,25370.6,25294.4
2023-03-29,25459.4,25480.3,25538.3,25403.7,0,584,25459.4,25370.6
2023-03-30,25584.7,25472.6,25656.6,25407.0,0.49,585,25459.4,25459.4
2023-03-31,25417.5,25607.3,25655.7,25427.8,-0.65,586,25584.7,25459.4
2023-04-03,25570.6,25452.5,25639.8,25317.2,0.6,587,25417.5,25584.7
2023-04-04,25693.4,25589.3,25753.2,25541.2,0.48,588,25570.6,25417.5
2023-04-05,25593.3,25702.8,25762.3,25557.3,-0.39,589,25693.4,25570.6
2023-04-06,25610.8,25591.3,25653.0,25525.3,0.07,590,25593.3,25693.4
2023-04-07,25544.8,25614.3,25625.9,25502.1,-0.26,591,25610.8,25593.3
2023-04-10,25453.5,25559.6,25598.3,25396.0,-0.36,592,25544.8,25610.8
2023-04-11,25580.8,25471.0,25627.3,25456.9,0.5,593,25453.5,25544.8
2023-04-12,25760.4,25586.3,25794.0,25585.1,0.7,594,25580.8,25453.5
2023-04-13,25880.1,25772.9,25950.1,25732.2,0.46,595,25760.4,25580.8
2023-04-14,25781.7,25890.3,25970.8,25726.6,-0.38,596,25880.1,25760.4
2023-04-17,25659.7,25768.8,25832.5,25624.1,-0.47,597,25781.7,25880.1
2023-04-18,25787.3,25660.5,25823.1,25654.6,0.5,598,25659.7,25781.7
2023-04-19,25753.9,25800.7,25830.1,25628.3,-0.13,599,25787.3,25659.7
2023-04-20,25759.3,25760.3,25845.7,25680.4,0.02,600,25753.9,25787.3
2023-04-21,25803.0,25768.5,25831.6,25696.1,0.17,601,25759.3,25753.9
2023-04-24,25939.7,25823.4,25964.9,25747.5,0.53,602,25803.0,25759.3
2023-04-25,25754.6,25953.1,26003.6,25736.3,-0.71,603,25939.7,25803.0
2023-04-26,25905.4,25756.2,26047.9,25744.5,0.59,604,25754.6,25939.7
2023-04-27,25852.8,25921.1,25969.3,25781.7,-0.2,605,25905.4,25754.6
2023-04-28,25841.9,25868.5,25918.3,25722.3,-0.04,606,25852.8,25905.4
2023-05-01,25736.4,25894.8,25900.7,25725.9,-0.41,607,25841.9,25852.8
2023-05-02,25795.0,25748.2,25832.6,25674.2,0.23,608,25736.4,25841.9
2023-05-03,25933.4,25810.3,26028.6,25810.3,0.54,609,25795.0,25736.4
2023-05-04,25815.3,25952.3,26021.1,25763.7,-0.46,610,25933.4,25795.0
2023-05-05,25826.2,25825.9,25909.3,25713.7,0.04,611,25815.3,25933.4
2023-05-08,25796.7,25869.6,25920.6,25792.7,-0.11,612,25826.2,25815.3
2023-05-09,25712.2,25808.0,25809.1,25674.6,-0.33,613,25796.7,25826.2
2023-05-10,25764.6,25722.7,25837.4,25681.3,0.2,614,25712.2,25796.7
2023-05-11,25612.1,25775.2,25816.2,25577.9,-0.59,615,25764.6,25712.2
2023-05-12,25438.6,25613.1,25654.8,25448.2,-0.68,616,25612.1,25764.6
2023-05-15,25503.5,25468.2,25550.4,25441.2,0.26,617,25438.6,25612.1
2023-05-16,25469.1,25509.3,25573.4,25456.5,-0.14,618,25503.5,25438.6
2023-05-17,25417.5,25474.1,25504.0,25353.7,-0.2,619,25469.1,25503.5
2023-05-18,25253.3,25425.2,25445.2,25245.0,-0.65,620,25417.5,25469.1
2023-05-19,25341.5,25266.1,25416.8,25225.6,0.35,621,25253.3,25417.5
2023-05-22,25338.8,25380.5,25419.2,25305.6,-0.01,622,25341.5,25253.3
2023-05-23,25277.2,25346.6,25371.7,25263.3,-0.24,623,25338.8,25341.5
2023-05-24,25225.6,25292.7,25357.7,25226.5,-0.2,624,25277.2,25338.8
2023-05-25,25157.5,25235.6,25253.2,25134.7,-0.27,625,25225.6,25277.2
2023-05-26,25174.6,25169.9,25266.0,25128.6,0.07,626,25157.5,25225.6
2023-05-29,25119.3,25187.3,25217.3,25127.3,-0.22,627,25174.6,25157.5
2023-05-30,25201.1,25133.2,25240.5,25070.7,0.33,628,25119.3,25174.6
2023-05-31,25100.8,25213.5,25215.8,24983.1,-0.4,629,25201.1,25119.3
2023-06-01,25269.9,25113.5,25292.6,25039.0,0.67,630,25100.8,25201.1
2023-06-02,25132.3,25278.5,25308.9,25136.8,-0.54,631,25269.9,25100.8
2023-06-05,25167.8,25154.5,25200.2,25083.9,0.14,632,25132.3,25269.9
2023-06-06,25112.5,25177.9,25207.6,25055.6,-0.22,633,25167.8,25132.3
2023-06-07,25121.9,25116.7,25225.7,25052.6,0.04,634,25112.5,25167.8
2023-06-08,25324.6,25128.2,25345.2,25120.0,0.81,635,25121.9,25112.5
2023-06-09,25223.2,25332.3,25342.9,25223.4,-0.4,636,25324.6,25121.9
2023-06-12,25257.4,25243.3,25345.4,25196.6,0.14,637,25223.2,25324.6
2023-06-13,25353.4,25260.8,25440.3,25259.6,0.38,638,25257.4,25223.2
2023-06-14,25452.8,25363.9,25539.7,25325.3,0.39,639,25353.4,25257.4
2023-06-15,25743.4,25458.6,25779.1,25383.7,1.14,640,25452.8,25353.4
2023-06-16,25723.8,25757.9,25814.8,25688.9,-0.08,641,25743.4,25452.8
2023-06-19,25686.2,25746.5,25758.3,25659.8,-0.15,642,25723.8,25743.4
2023-06-20,25672.1,25699.1,25752.8,25626.2,-0.05,643,25686.2,25723.8
2023-06-21,25817.9,25687.3,25841.0,25644.7,0.57,644,25672.1,25686.2
2023-06-22,25763.0,25829.3,25905.7,25755.2,-0.21,645,25817.9,25672.1
2023-06-23,25605.5,25776.3,25782.2,25508.7,-0.61,646,25763.0,25817.9
2023-06-26,25657.1,25634.0,25708.0,25613.7,0.2,647,25605.5,25763.0
2023-06-27,25775.6,25682.1,25830.1,25663.3,0.46,648,25657.1,25605.5
2023-06-28,25700.9,25791.2,25831.6,25674.9,-0.29,649,25775.6,25657.1
2023-06-29,25605.4,25713.8,25791.9,25597.5,-0.37,650,25700.9,25775.6
2023-06-30,25720.3,25608.1,25784.3,25547.8,0.45,651,25605.4,25700.9
2023-07-03,25851.3,25732.4,25925.7,25652.6,0.51,652,25720.3,25605.4
2023-07-04,25778.5,25872.4,25885.4,25781.1,-0.28,653,25851.3,25720.3
2023-07-05,25765.7,25792.9,25913.1,25775.4,-0.05,654,25778.5,25851.3
2023-07-06,25813.1,25793.2,25857.2,25697.1,0.18,655,25765.7,25778.5
2023-07-07,25920.5,25825.2,25954.7,25711.8,0.42,656,25813.1,25765.7
2023-07-10,26001.6,25946.4,26023.7,25855.9,0.31,657,25920.5,25813.1
2023-07-11,26073.2,26018.9,26109.2,26004.8,0.28,658,26001.6,25920.5
2023-07-12,26328.8,26090.1,26373.5,26070.5,0.98,659,26073.2,26001.6
2023-07-13,26561.6,26349.9,26583.5,26317.1,0.88,660,26328.8,26073.2
2023-07-14,26529.4,26578.7,26598.0,26490.7,-0.12,661,26561.6,26328.8
2023-07-17,26553.0,26562.3,26598.8,26483.9,0.09,662,26529.4,26561.6
2023-07-18,26532.7,26561.9,26667.1,26499.7,-0.08,663,26553.0,26529.4
2023-07-19,26460.9,26543.4,26576.3,26415.3,-0.27,664,26532.7,26553.0
2023-07-20,26314.4,26476.8,26611.1,26298.0,-0.55,665,26460.9,26532.7
2023-07-21,26307.8,26333.4,26370.8,26277.6,-0.02,666,26314.4,26460.9
2023-07-24,26178.2,26323.7,26377.8,26183.4,-0.49,667,26307.8,26314.4
2023-07-25,26145.9,26196.4,26285.6,26080.0,-0.12,668,26178.2,26307.8
2023-07-26,26227.9,26156.9,26297.0,26120.2,0.31,669,26145.9,26178.2
2023-07-27,25963.2,26234.3,26389.9,25952.1,-1.01,670,26227.9,26145.9
2023-07-28,26089.0,25981.6,26178.2,25932.2,0.48,671,25963.2,26227.9
2023-07-31,26038.5,26119.0,26167.6,26039.7,-0.19,672,26089.0,25963.2
2023-08-01,26005.4,26044.4,26065.7,25944.1,-0.13,673,26038.5,26089.0
2023-08-02,25956.6,26018.7,26109.4,25915.4,-0.19,674,26005.4,26038.5
2023-08-03,25992.0,25962.9,26049.3,25925.2,0.14,675,25956.6,26005.4
2023-08-04,26121.2,26007.7,26209.4,25910.8,0.5,676,25992.0,25956.6
2023-08-07,26101.5,26151.2,26153.6,25989.4,-0.08,677,26121.2,25992.0
2023-08-08,25993.8,26108.9,26137.0,25944.3,-0.41,678,26101.5,26121.2
2023-08-09,26044.4,26009.5,26110.0,25969.8,0.19,679,25993.8,26101.5
2023-08-10,26064.2,26060.1,26277.8,26030.0,0.08,680,26044.4,25993.8
2023-08-11,25992.0,26077.1,26149.1,25999.4,-0.28,681,26064.2,26044.4
2023-08-14,25967.9,26024.3,26105.7,25907.3,-0.09,682,25992.0,26064.2
2023-08-15,26131.4,25983.6,26261.0,25968.1,0.63,683,25967.9,25992.0
2023-08-16,26038.9,26149.5,26229.9,26030.6,-0.35,684,26131.4,25967.9
2023-08-17,25927.3,26042.6,26066.5,25906.7,-0.43,685,26038.9,26131.4
2023-08-18,25868.9,25946.0,26005.8,25831.6,-0.23,686,25927.3,26038.9
2023-08-21,25926.0,25911.4,25995.6,25831.3,0.22,687,25868.9,25927.3
2023-08-22,25938.8,25944.4,26153.6,25927.6,0.05,688,25926.0,25868.9
2023-08-23,26045.3,25964.7,26100.1,25917.6,0.41,689,25938.8,25926.0
2023-08-24,25936.2,26065.8,26098.2,25941.6,-0.42,690,26045.3,25938.8
2023-08-25,25945.9,25954.8,26058.9,25857.5,0.04,691,25936.2,26045.3
2023-08-28,26047.3,25959.1,26078.0,25888.8,0.39,692,25945.9,25936.2
2023-08-29,26303.0,26056.3,26349.0,26053.9,0.98,693,26047.3,25945.9
2023-08-30,26337.8,26317.5,26413.9,26207.9,0.13,694,26303.0,26047.3
2023-08-31,26083.4,26364.4,26399.4,26094.9,-0.97,695,26337.8,26303.0
2023-09-01,25919.8,26108.1,26210.5,25942.0,-0.63,696,26083.4,26337.8
2023-09-04,25963.2,25957.6,26034.7,25943.2,0.17,697,25919.8,26083.4
2023-09-05,25798.4,26002.2,26024.3,25765.2,-0.63,698,25963.2,25919.8
2023-09-06,25801.4,25802.5,25900.1,25743.0,0.01,699,25798.4,25963.2
2023-09-07,25737.0,25810.4,25849.5,25721.2,-0.25,700,25801.4,25798.4
2023-09-08,25736.4,25757.3,25864.3,25725.9,0,701,25737.0,25801.4
2023-09-11,25875.8,25778.8,25915.5,25759.6,0.54,702,25736.4,25737.0
2023-09-12,25914.7,25893.8,25961.0,25812.4,0.15,703,25875.8,25736.4
2023-09-13,25913.5,25933.3,26006.4,25884.3,0,704,25914.7,25875.8
2023-09-14,25772.5,25926.6,26044.7,25758.9,-0.54,705,25913.5,25914.7
2023-09-15,25838.4,25778.3,25936.9,25762.6,0.26,706,25772.5,25913.5
2023-09-18,26051.5,25873.8,26090.7,25862.8,0.82,707,25838.4,25772.5
2023-09-19,26019.8,26060.3,26137.1,26028.3,-0.12,708,26051.5,25838.4
2023-09-20,25869.4,26048.1,26082.6,25867.6,-0.58,709,26019.8,26051.5
2023-09-21,25909.6,25893.1,25966.9,25785.6,0.16,710,25869.4,26019.8
2023-09-22,25948.3,25930.5,26011.6,25826.5,0.15,711,25909.6,25869.4
2023-09-25,25818.4,25968.9,25987.1,25795.3,-0.5,712,25948.3,25909.6
2023-09-26,25769.7,25841.6,25885.2,25754.2,-0.19,713,25818.4,25948.3
2023-09-27,25604.3,25772.5,25829.0,25589.5,-0.64,714,25769.7,25818.4
2023-09-28,25748.1,25626.1,25814.0,25599.4,0.56,715,25604.3,25769.7
2023-09-29,25664.0,25781.0,25826.6,25674.6,-0.33,716,25748.1,25604.3
2023-10-02,25498.6,25685.5,25783.0,25515.5,-0.64,717,25664.0,25748.1
2023-10-03,25518.9,25518.0,25601.5,25483.9,0.08,718,25498.6,25664.0
2023-10-04,25648.3,25541.6,25738.6,25492.9,0.51,719,25518.9,25498.6
2023-10-05,25716.0,25678.7,25748.1,25611.8,0.26,720,25648.3,25518.9
2023-10-06,25787.5,25742.0,25849.3,25561.6,0.28,721,25716.0,25648.3
2023-10-09,25746.9,25757.9,25790.0,25643.2,-0.16,722,25787.5,25716.0
2023-10-10,25860.7,25767.6,25919.3,25744.7,0.44,723,25746.9,25787.5
2023-10-11,25947.9,25881.5,26003.8,25860.5,0.34,724,25860.7,25746.9
2023-10-12,25720.3,25970.8,26024.2,25729.6,-0.88,725,25947.9,25860.7
2023-10-13,25684.0,25734.5,25822.1,25665.5,-0.14,726,25720.3,25947.9
2023-10-16,25824.9,25694.9,25854.2,25694.9,0.55,727,25684.0,25720.3
2023-10-17,25898.2,25846.8,25959.0,25794.3,0.28,728,25824.9,25684.0
2023-10-18,25868.7,25908.8,26014.1,25853.8,-0.11,729,25898.2,25824.9
2023-10-19,25976.4,25884.5,26081.9,25802.7,0.42,730,25868.7,25898.2
2023-10-20,25974.0,25992.2,26023.4,25885.2,-0.01,731,25976.4,25868.7
2023-10-23,26232.6,25997.7,26269.1,25910.0,1,732,25974.0,25976.4
2023-10-24,25993.5,26245.7,26286.1,25989.4,-0.91,733,26232.6,25974.0
2023-10-25,25942.7,26011.5,26069.4,25958.2,-0.2,734,25993.5,26232.6
2023-10-26,25967.0,25975.8,25996.4,25889.4,0.09,735,25942.7,25993.5
2023-10-27,25955.8,25978.0,26049.9,25895.0,-0.04,736,25967.0,25942.7
2023-10-30,26063.4,25971.2,26106.0,25912.8,0.41,737,25955.8,25967.0
2023-10-31,25974.7,26081.4,26227.0,25932.2,-0.34,738,26063.4,25955.8
2023-11-01,25981.4,25977.7,26011.5,25862.7,0.03,739,25974.7,26063.4
2023-11-02,26093.3,25991.8,26220.5,25984.4,0.43,740,25981.4,25974.7
2023-11-03,26307.5,26108.7,26369.0,26087.8,0.82,741,26093.3,25981.4
2023-11-06,26079.8,26323.6,26366.8,26088.1,-0.87,742,26307.5,26093.3
2023-11-07,26009.3,26090.5,26120.0,25943.6,-0.27,743,26079.8,26307.5
2023-11-08,26093.0,26025.3,26128.0,25969.7,0.32,744,26009.3,26079.8
2023-11-09,25961.0,26103.7,26138.0,25955.9,-0.51,745,26093.0,26009.3
2023-11-10,25970.8,25975.4,26028.1,25900.6,0.04,746,25961.0,26093.0
2023-11-13,26080.1,25988.8,26107.8,25980.3,0.42,747,25970.8,25961.0
2023-11-14,26495.8,26089.5,26535.3,26045.0,1.59,748,26080.1,25970.8
2023-11-15,26344.9,26512.1,26531.8,26316.6,-0.57,749,26495.8,26080.1
2023-11-16,26352.5,26355.5,26468.1,26294.1,0.03,750,26344.9,26495.8
2023-11-17,26449.5,26360.1,26490.1,26254.8,0.37,751,26352.5,26344.9
2023-11-20,26437.2,26480.4,26488.7,26373.8,-0.05,752,26449.5,26352.5
2023-11-21,26323.4,26452.9,26508.5,26311.4,-0.43,753,26437.2,26449.5
2023-11-22,26352.0,26339.2,26440.4,26276.9,0.11,754,26323.4,26437.2
2023-11-23,26431.3,26365.3,26498.0,26347.1,0.3,755,26352.0,26323.4
2023-11-24,26538.0,26441.9,26578.7,26378.0,0.4,756,26431.3,26352.0
2023-11-27,26539.1,26549.6,26590.8,26481.0,0,757,26538.0,26431.3
2023-11-28,26628.8,26552.5,26687.0,26518.8,0.34,758,26539.1,26538.0
2023-11-29,26608.4,26644.6,26707.6,26595.3,-0.08,759,26628.8,26539.1
2023-11-30,26396.1,26626.6,26660.6,26391.2,-0.8,760,26608.4,26628.8
2023-12-01,26432.4,26414.3,26527.7,26313.3,0.14,761,26396.1,26608.4
2023-12-04,26277.3,26455.4,26476.1,26203.9,-0.59,762,26432.4,26396.1
2023-12-05,26195.2,26282.7,26334.1,26158.1,-0.31,763,26277.3,26432.4
2023-12-06,26123.7,26203.0,26238.1,26120.6,-0.27,764,26195.2,26277.3
2023-12-07,26197.6,26146.1,26268.8,26110.5,0.28,765,26123.7,26195.2
2023-12-08,26063.1,26213.0,26228.7,25981.8,-0.51,766,26197.6,26123.7
2023-12-11,26100.3,26076.3,26150.5,26031.5,0.14,767,26063.1,26197.6
2023-12-12,26181.4,26108.3,26282.0,26097.4,0.31,768,26100.3,26063.1
2023-12-13,26398.6,26194.6,26460.2,26156.7,0.83,769,26181.4,26100.3
2023-12-14,26647.7,26403.2,26700.8,26375.5,0.94,770,26398.6,26181.4
2023-12-15,26428.8,26663.2,26702.4,26431.8,-0.82,771,26647.7,26398.6
2023-12-18,26595.1,26467.0,26629.1,26433.1,0.63,772,26428.8,26647.7
2023-12-19,26736.3,26610.9,26764.0,26565.9,0.53,773,26595.1,26428.8
2023-12-20,26617.6,26745.8,26757.9,26607.9,-0.44,774,26736.3,26595.1
2023-12-21,26771.5,26635.9,26795.8,26606.9,0.58,775,26617.6,26736.3
2023-12-22,26682.7,26787.3,26795.8,26652.8,-0.33,776,26771.5,26617.6
2023-12-25,26670.0,26716.2,26723.5,26608.9,-0.05,777,26682.7,26771.5
2023-12-26,26859.7,26693.7,26879.2,26688.3,0.71,778,26670.0,26682.7
2023-12-27,27030.3,26873.1,27096.8,26837.7,0.64,779,26859.7,26670.0
2023-12-28,26801.5,27056.7,27101.0,26807.2,-0.85,780,27030.3,26859.7
2023-12-29,26773.3,26822.9,26901.6,26778.3,-0.11,781,26801.5,27030.3
2024-01-01,26792.7,26803.8,26812.3,26784.4,0.07,782,26773.3,26801.5
2024-01-02,26611.6,26805.0,26864.9,26616.4,-0.68,783,26792.7,26773.3
2024-01-03,26614.5,26644.4,26732.4,26561.4,0.01,784,26611.6,26792.7
2024-01-04,26657.2,26632.1,26763.2,26595.6,0.16,785,26614.5,26611.6
2024-01-05,26663.2,26677.8,26816.8,26516.9,0.02,786,26657.2,26614.5
2024-01-08,26638.9,26686.3,26729.6,26586.9,-0.09,787,26663.2,26657.2
2024-01-09,26623.0,26662.6,26741.5,26587.7,-0.06,788,26638.9,26663.2
2024-01-10,26774.7,26640.1,26797.3,26611.5,0.57,789,26623.0,26638.9
2024-01-11,26849.1,26796.1,26918.2,26766.3,0.28,790,26774.7,26623.0
2024-01-12,26814.1,26874.1,26948.0,26796.2,-0.13,791,26849.1,26774.7
2024-01-15,26789.8,26844.0,26859.4,26764.0,-0.09,792,26814.1,26849.1
2024-01-16,26641.3,26805.6,26810.5,26632.4,-0.55,793,26789.8,26814.1
2024-01-17,26691.1,26663.1,26722.9,26611.2,0.19,794,26641.3,26789.8
2024-01-18,26690.2,26704.4,26793.0,26637.8,0,795,26691.1,26641.3
2024-01-19,26741.2,26710.2,26755.8,26674.8,0.19,796,26690.2,26691.1
2024-01-22,26712.9,26738.6,26780.8,26718.7,-0.11,797,26741.2,26690.2
2024-01-23,26655.5,26734.1,26810.9,26593.8,-0.21,798,26712.9,26741.2
2024-01-24,26772.2,26673.7,26906.1,26650.3,0.44,799,26655.5,26712.9
2024-01-25,26686.6,26788.0,26835.0,26634.4,-0.32,800,26772.2,26655.5
2024-01-26,26690.5,26687.3,26783.8,26615.0,0.01,801,26686.6,26772.2
2024-01-29,26573.3,26690.3,26706.3,26492.2,-0.44,802,26690.5,26686.6
2024-01-30,26453.9,26584.2,26610.0,26394.2,-0.45,803,26573.3,26690.5
2024-01-31,26407.3,26472.7,26595.2,26365.6,-0.18,804,26453.9,26573.3
2024-02-01,26522.8,26413.2,26548.3,26311.7,0.44,805,26407.3,26453.9
2024-02-02,26242.9,26539.8,26565.6,26249.3,-1.06,806,26522.8,26407.3
2024-02-05,26175.8,26259.0,26323.0,26144.1,-0.26,807,26242.9,26522.8
2024-02-06,26191.4,26194.1,26218.0,26130.7,0.06,808,26175.8,26242.9
2024-02-07,26281.2,26209.9,26353.7,26203.8,0.34,809,26191.4,26175.8
2024-02-08,26293.4,26310.6,26353.4,26234.9,0.05,810,26281.2,26191.4
2024-02-09,26308.1,26327.7,26368.0,26285.0,0.06,811,26293.4,26281.2
2024-02-12,26278.8,26332.6,26394.9,26270.3,-0.11,812,26308.1,26293.4
2024-02-13,26125.1,26308.2,26369.2,26134.8,-0.58,813,26278.8,26308.1
2024-02-14,26173.9,26158.0,26221.5,26121.3,0.19,814,26125.1,26278.8
2024-02-15,26335.1,26200.7,26384.0,26172.7,0.62,815,26173.9,26125.1
2024-02-16,26407.1,26346.1,26463.0,26285.9,0.27,816,26335.1,26173.9
2024-02-19,26436.0,26434.8,26478.7,26401.4,0.11,817,26407.1,26335.1
2024-02-20,26494.4,26449.0,26594.7,26401.6,0.22,818,26436.0,26407.1
2024-02-21,26528.7,26515.0,26559.1,26469.3,0.13,819,26494.4,26436.0
2024-02-22,26613.8,26537.1,26797.8,26537.1,0.32,820,26528.7,26494.4
2024-02-23,26644.7,26629.8,26711.0,26608.8,0.12,821,26613.8,26528.7
2024-02-26,26753.6,26675.3,26792.9,26642.0,0.41,822,26644.7,26613.8
2024-02-27,26703.3,26764.5,26787.2,26684.6,-0.19,823,26753.6,26644.7
2024-02-28,26678.2,26714.2,26728.5,26601.3,-0.09,824,26703.3,26753.6
2024-02-29,26618.6,26689.1,26762.5,26609.7,-0.22,825,26678.2,26703.3
2024-03-01,26702.4,26630.6,26735.9,26620.8,0.31,826,26618.6,26678.2
2024-03-04,26783.3,26732.2,26827.5,26721.1,0.3,827,26702.4,26618.6
2024-03-05,26801.0,26799.1,26868.9,26753.3,0.07,828,26783.3,26702.4
2024-03-06,26877.4,26824.4,26940.7,26777.7,0.29,829,26801.0,26783.3
2024-03-07,27014.7,26893.8,27035.6,26831.9,0.51,830,26877.4,26801.0
2024-03-08,26948.8,27030.6,27074.9,26920.8,-0.24,831,27014.7,26877.4
2024-03-11,26916.2,26982.4,26995.8,26900.3,-0.12,832,26948.8,27014.7
2024-03-12,26927.1,26927.4,27002.4,26874.9,0.04,833,26916.2,26948.8
2024-03-13,27006.8,26935.3,27060.4,26916.6,0.3,834,26927.1,26916.2
2024-03-14,26865.2,27018.4,27044.6,26873.6,-0.52,835,27006.8,26927.1
2024-03-15,26901.8,26881.0,26962.4,26860.0,0.14,836,26865.2,27006.8
2024-03-18,26867.7,26927.5,26966.3,26863.7,-0.13,837,26901.8,26865.2
2024-03-19,26880.0,26883.5,26899.5,26776.2,0.05,838,26867.7,26901.8
2024-03-20,27049.3,26888.4,27079.4,26840.8,0.63,839,26880.0,26867.7
2024-03-21,26916.5,27074.4,27124.0,26909.5,-0.49,840,27049.3,26880.0
2024-03-22,26761.8,26921.9,26950.4,26753.0,-0.57,841,26916.5,27049.3
2024-03-25,26808.3,26771.4,26840.1,26755.3,0.17,842,26761.8,26916.5
2024-03-26,26825.9,26822.8,26923.5,26814.2,0.07,843,26808.3,26761.8
2024-03-27,26832.2,26840.5,26876.5,26803.4,0.02,844,26825.9,26808.3
2024-03-28,26741.0,26846.8,26865.8,26704.2,-0.34,845,26832.2,26825.9
2024-03-29,26772.5,26753.8,26812.4,26704.8,0.12,846,26741.0,26832.2
2024-04-01,26637.3,26767.7,26796.3,26617.0,-0.51,847,26772.5,26741.0
2024-04-02,26812.3,26649.3,26857.1,26614.1,0.66,848,26637.3,26772.5
2024-04-03,27087.5,26838.4,27104.6,26822.2,1.03,849,26812.3,26637.3
2024-04-04,27017.1,27093.3,27139.4,27024.6,-0.26,850,27087.5,26812.3
2024-04-05,27033.3,27035.8,27092.9,26939.7,0.06,851,27017.1,27087.5
2024-04-08,27099.1,27069.6,27116.8,26997.9,0.24,852,27033.3,27017.1
2024-04-09,27077.8,27106.8,27166.0,27068.4,-0.08,853,27099.1,27033.3
2024-04-10,26780.2,27093.6,27110.4,26762.2,-1.1,854,27077.8,27099.1
2024-04-11,26788.6,26800.9,26886.4,26735.6,0.03,855,26780.2,27077.8
2024-04-12,26621.0,26805.5,26815.5,26581.6,-0.63,856,26788.6,26780.2
2024-04-15,26746.2,26619.1,26873.0,26602.1,0.47,857,26621.0,26788.6
2024-04-16,26839.8,26767.2,26945.2,26720.6,0.35,858,26746.2,26621.0
2024-04-17,27104.3,26856.7,27132.5,26837.8,0.99,859,26839.8,26746.2
2024-04-18,27033.2,27114.8,27159.2,27033.5,-0.26,860,27104.3,26839.8
2024-04-19,27103.8,27042.4,27171.4,26963.6,0.26,861,27033.2,27104.3
2024-04-22,27114.7,27114.2,27162.5,27046.2,0.04,862,27103.8,27033.2
2024-04-23,27218.3,27127.6,27258.0,27079.0,0.38,863,27114.7,27103.8
2024-04-24,27175.7,27228.7,27267.1,27134.1,-0.16,864,27218.3,27114.7
2024-04-25,27198.0,27196.9,27239.2,27079.4,0.08,865,27175.7,27218.3
2024-04-26,27082.8,27216.4,27250.6,27052.0,-0.42,866,27198.0,27175.7
2024-04-29,27151.2,27106.5,27206.6,27092.5,0.25,867,27082.8,27198.0
2024-04-30,27011.9,27180.0,27210.4,27027.9,-0.51,868,27151.2,27082.8
2024-05-01,27128.4,27031.7,27204.1,26989.9,0.43,869,27011.9,27151.2
2024-05-02,27228.2,27147.0,27262.1,27117.3,0.37,870,27128.4,27011.9
2024-05-03,27325.3,27248.1,27481.2,27240.4,0.36,871,27228.2,27128.4
2024-05-06,27318.4,27351.6,27388.8,27295.0,-0.03,872,27325.3,27228.2
2024-05-07,27312.6,27334.3,27412.3,27308.2,-0.02,873,27318.4,27325.3
2024-05-08,27321.7,27325.9,27360.3,27273.0,0.03,874,27312.6,27318.4
2024-05-09,27426.9,27332.3,27446.4,27286.9,0.38,875,27321.7,27312.6
2024-05-10,27407.1,27437.5,27467.2,27388.3,-0.07,876,27426.9,27321.7
2024-05-13,27458.7,27423.9,27508.9,27390.9,0.19,877,27407.1,27426.9
2024-05-14,27531.8,27459.2,27561.6,27408.8,0.27,878,27458.7,27407.1
2024-05-15,27689.3,27542.5,27708.9,27525.9,0.57,879,27531.8,27458.7
2024-05-16,27630.8,27705.1,27731.8,27614.2,-0.21,880,27689.3,27531.8
2024-05-17,27662.0,27644.7,27687.2,27574.0,0.11,881,27630.8,27689.3
2024-05-20,27628.2,27652.9,27709.6,27627.6,-0.12,882,27662.0,27630.8
2024-05-21,27630.3,27641.6,27691.2,27602.9,0.01,883,27628.2,27662.0
2024-05-22,27554.6,27636.5,27667.0,27545.5,-0.27,884,27630.3,27628.2
2024-05-23,27539.6,27560.8,27665.0,27518.5,-0.05,885,27554.6,27630.3
2024-05-24,27616.8,27544.0,27657.7,27516.2,0.28,886,27539.6,27554.6
2024-05-27,27628.2,27644.9,27661.2,27591.8,0.04,887,27616.8,27539.6
2024-05-28,27623.8,27638.9,27717.0,27623.6,-0.02,888,27628.2,27616.8
2024-05-29,27486.0,27634.3,27647.0,27492.8,-0.5,889,27623.8,27628.2
2024-05-30,27567.4,27499.2,27609.9,27460.7,0.3,890,27486.0,27623.8
2024-05-31,27579.5,27578.1,27697.2,27520.8,0.04,891,27567.4,27486.0
2024-06-03,27726.0,27615.8,27742.0,27539.4,0.53,892,27579.5,27567.4
2024-06-04,27641.0,27736.9,27769.9,27598.2,-0.31,893,27726.0,27579.5
2024-06-05,27618.5,27650.3,27691.5,27592.3,-0.08,894,27641.0,27726.0
2024-06-06,27677.3,27631.7,27722.3,27618.1,0.21,895,27618.5,27641.0
2024-06-07,27432.0,27690.6,27718.0,27440.3,-0.89,896,27677.3,27618.5
2024-06-10,27354.2,27435.2,27436.4,27283.4,-0.28,897,27432.0,27677.3
2024-06-11,27317.2,27367.3,27402.8,27271.8,-0.14,898,27354.2,27432.0
2024-06-12,27487.6,27325.3,27612.7,27294.4,0.62,899,27317.2,27354.2
2024-06-13,27304.5,27500.8,27522.2,27306.2,-0.67,900,27487.6,27317.2
2024-06-14,27231.5,27317.6,27348.7,27154.1,-0.27,901,27304.5,27487.6
2024-06-17,27318.0,27241.9,27334.9,27177.1,0.32,902,27231.5,27304.5
2024-06-18,27322.8,27324.7,27393.3,27257.1,0.02,903,27318.0,27231.5
2024-06-19,27340.9,27336.0,27371.6,27295.3,0.07,904,27322.8,27318.0
2024-06-20,27231.5,27346.2,27360.2,27240.7,-0.4,905,27340.9,27322.8
2024-06-21,27208.6,27241.9,27288.3,27156.2,-0.08,906,27231.5,27340.9
2024-06-24,27318.3,27209.0,27360.3,27190.4,0.4,907,27208.6,27231.5
2024-06-25,27269.9,27327.2,27353.3,27218.0,-0.18,908,27318.3,27208.6
2024-06-26,27194.1,27276.6,27289.7,27161.3,-0.28,909,27269.9,27318.3
2024-06-27,27241.9,27198.2,27309.5,27189.1,0.18,910,27194.1,27269.9
2024-06-28,27259.2,27247.2,27301.8,27185.4,0.06,911,27241.9,27194.1
2024-07-01,27328.2,27311.9,27424.8,27287.6,0.25,912,27259.2,27241.9
2024-07-02,27343.5,27342.3,27359.0,27258.7,0.06,913,27328.2,27259.2
2024-07-03,27447.8,27346.3,27535.9,27324.5,0.38,914,27343.5,27328.2
2024-07-04,27514.0,27459.6,27528.3,27442.2,0.24,915,27447.8,27343.5
2024-07-05,27536.4,27521.9,27560.9,27465.2,0.08,916,27514.0,27447.8
2024-07-08,27504.1,27472.0,27571.3,27454.2,-0.12,917,27536.4,27514.0
2024-07-09,27476.5,27527.3,27560.0,27464.2,-0.1,918,27504.1,27536.4
2024-07-10,27524.4,27485.8,27531.0,27476.2,0.17,919,27476.5,27504.1
2024-07-11,27629.7,27528.4,27719.1,27518.3,0.38,920,27524.4,27476.5
2024-07-12,27712.2,27633.9,27732.8,27608.7,0.3,921,27629.7,27524.4
2024-07-15,27627.2,27671.9,27711.7,27634.3,-0.31,922,27712.2,27629.7
2024-07-16,27651.1,27640.6,27700.9,27590.6,0.09,923,27627.2,27712.2
2024-07-17,27687.0,27661.7,27727.1,27625.8,0.13,924,27651.1,27627.2
2024-07-18,27575.3,27700.5,27751.4,27578.4,-0.4,925,27687.0,27651.1
2024-07-19,27535.1,27585.9,27631.7,27537.0,-0.15,926,27575.3,27687.0
2024-07-22,27578.9,27556.1,27615.3,27544.2,0.16,927,27535.1,27575.3
2024-07-23,27517.8,27594.9,27630.8,27504.5,-0.22,928,27578.9,27535.1
2024-07-24,27474.3,27528.6,27566.4,27463.7,-0.16,929,27517.8,27578.9
2024-07-25,27419.1,27491.5,27520.6,27393.2,-0.2,930,27474.3,27517.8
2024-07-26,27465.7,27437.5,27520.9,27426.1,0.17,931,27419.1,27474.3
2024-07-29,27345.0,27502.2,27526.1,27314.1,-0.44,932,27465.7,27419.1
2024-07-30,27334.9,27360.9,27401.4,27300.2,-0.04,933,27345.0,27465.7
2024-07-31,27316.9,27347.0,27423.5,27268.0,-0.07,934,27334.9,27345.0
2024-08-01,27209.5,27334.2,27360.2,27185.2,-0.39,935,27316.9,27334.9
2024-08-02,27498.7,27215.3,27553.9,27185.6,1.06,936,27209.5,27316.9
2024-08-05,27467.6,27543.8,27628.6,27324.9,-0.11,937,27498.7,27209.5
2024-08-06,27467.1,27489.3,27550.3,27409.7,0,938,27467.6,27498.7
2024-08-07,27471.8,27481.8,27521.7,27399.6,0.02,939,27467.1,27467.6
2024-08-08,27442.4,27485.2,27524.1,27361.7,-0.11,940,27471.8,27467.1
2024-08-09,27388.2,27453.5,27486.0,27387.0,-0.2,941,27442.4,27471.8
2024-08-12,27458.7,27402.1,27491.0,27370.8,0.26,942,27388.2,27442.4
2024-08-13,27603.9,27470.9,27636.2,27416.3,0.53,943,27458.7,27388.2
2024-08-14,27552.0,27619.9,27657.4,27549.8,-0.19,944,27603.9,27458.7
2024-08-15,27465.9,27568.5,27628.3,27421.8,-0.31,945,27552.0,27603.9
2024-08-16,27625.1,27480.6,27641.2,27474.9,0.58,946,27465.9,27552.0
2024-08-19,27668.2,27626.1,27685.8,27544.7,0.16,947,27625.1,27465.9
2024-08-20,27730.4,27683.3,27742.8,27594.6,0.22,948,27668.2,27625.1
2024-08-21,27794.5,27736.5,27866.7,27681.6,0.23,949,27730.4,27668.2
2024-08-22,27735.6,27808.1,27841.6,27712.0,-0.21,950,27794.5,27730.4
2024-08-23,27935.8,27750.7,27976.1,27725.5,0.72,951,27735.6,27794.5
2024-08-26,27746.3,27944.8,27979.8,27734.1,-0.68,952,27935.8,27735.6
2024-08-27,27758.7,27760.2,27787.6,27686.7,0.04,953,27746.3,27935.8
2024-08-28,27638.8,27769.9,27789.7,27612.6,-0.43,954,27758.7,27746.3
2024-08-29,27548.5,27647.4,27722.3,27504.8,-0.33,955,27638.8,27758.7
2024-08-30,27462.8,27558.3,27595.4,27472.0,-0.31,956,27548.5,27638.8
2024-09-02,27522.5,27479.4,27556.5,27465.7,0.22,957,27462.8,27548.5
2024-09-03,27452.9,27534.1,27545.3,27427.2,-0.25,958,27522.5,27462.8
2024-09-04,27541.0,27470.7,27583.1,27447.7,0.32,959,27452.9,27522.5
2024-09-05,27475.0,27550.8,27563.3,27398.0,-0.24,960,27541.0,27452.9
2024-09-06,27264.2,27486.1,27504.4,27236.5,-0.77,961,27475.0,27541.0
2024-09-09,27231.9,27277.1,27333.8,27247.2,-0.12,962,27264.2,27475.0
2024-09-10,27172.8,27250.9,27269.2,27168.3,-0.22,963,27231.9,27264.2
2024-09-11,27032.0,27183.9,27238.7,27026.4,-0.52,964,27172.8,27231.9
2024-09-12,27214.4,27051.0,27230.7,27003.5,0.67,965,27032.0,27172.8
2024-09-13,27169.4,27227.0,27275.5,27171.6,-0.17,966,27214.4,27032.0
2024-09-16,27306.8,27191.0,27337.0,27181.1,0.51,967,27169.4,27214.4
2024-09-17,27360.2,27325.9,27452.9,27298.9,0.2,968,27306.8,27169.4
2024-09-18,27350.3,27380.6,27554.1,27323.9,-0.04,969,27360.2,27306.8
2024-09-19,27417.0,27379.3,27496.1,27255.0,0.24,970,27350.3,27360.2
2024-09-20,27447.4,27436.2,27512.9,27377.5,0.11,971,27417.0,27350.3
2024-09-23,27352.2,27465.3,27523.6,27280.8,-0.35,972,27447.4,27417.0
2024-09-24,27491.6,27359.0,27510.8,27310.2,0.51,973,27352.2,27447.4
2024-09-25,27362.5,27507.2,27580.8,27353.3,-0.47,974,27491.6,27352.2
2024-09-26,27509.7,27381.6,27554.1,27350.3,0.54,975,27362.5,27491.6
2024-09-27,27449.8,27522.1,27570.6,27376.1,-0.22,976,27509.7,27362.5
2024-09-30,27339.5,27462.3,27534.9,27300.3,-0.4,977,27449.8,27509.7
2024-10-01,27221.8,27353.1,27396.4,27181.8,-0.43,978,27339.5,27449.8
2024-10-02,27228.1,27237.1,27329.8,27211.5,0.02,979,27221.8,27339.5
2024-10-03,27293.7,27242.5,27352.4,27190.2,0.24,980,27228.1,27221.8
2024-10-04,27171.1,27309.7,27338.7,27125.6,-0.45,981,27293.7,27228.1
2024-10-07,27259.4,27187.6,27306.9,27156.6,0.33,982,27171.1,27293.7
2024-10-08,27268.8,27280.8,27318.3,27232.6,0.03,983,27259.4,27171.1
2024-10-09,27161.5,27281.1,27284.8,27160.8,-0.39,984,27268.8,27259.4
2024-10-10,27151.6,27167.0,27222.7,27079.8,-0.04,985,27161.5,27268.8
2024-10-11,27129.2,27163.0,27193.1,27118.3,-0.08,986,27151.6,27161.5
2024-10-14,27098.0,27135.7,27178.4,27057.9,-0.12,987,27129.2,27151.6
2024-10-15,27143.3,27108.9,27229.7,27073.9,0.17,988,27098.0,27129.2
2024-10-16,27119.9,27162.2,27246.5,27111.8,-0.09,989,27143.3,27098.0
2024-10-17,27272.5,27144.1,27395.8,27127.9,0.56,990,27119.9,27143.3
2024-10-18,27328.0,27290.0,27395.6,27272.3,0.2,991,27272.5,27119.9
2024-10-21,27345.7,27331.7,27480.0,27326.7,0.06,992,27328.0,27272.5
2024-10-22,27413.6,27368.6,27512.3,27363.6,0.25,993,27345.7,27328.0
2024-10-23,27383.7,27434.9,27457.1,27343.7,-0.11,994,27413.6,27345.7
2024-10-24,27484.3,27399.6,27506.9,27365.3,0.37,995,27383.7,27413.6
2024-10-25,27365.7,27500.6,27524.2,27383.1,-0.43,996,27484.3,27383.7
2024-10-28,27403.0,27392.0,27455.9,27364.2,0.14,997,27365.7,27484.3
2024-10-29,27364.1,27415.1,27434.1,27256.3,-0.14,998,27403.0,27365.7
2024-10-30,27441.4,27381.6,27499.5,27338.8,0.28,999,27364.1,27403.0
2024-10-31,27501.3,27459.0,27524.9,27414.5,0.22,1000,27441.4,27364.1
2024-11-01,27385.8,27512.2,27590.9,27405.0,-0.42,1001,27501.3,27441.4
2024-11-04,27529.7,27508.7,27635.5,27502.4,0.53,1002,27385.8,27501.3
2024-11-05,27685.7,27550.7,27718.6,27506.7,0.57,1003,27529.7,27385.8
2024-11-06,27216.9,27704.6,27721.1,27116.3,-1.69,1004,27685.7,27529.7
2024-11-07,27388.1,27235.6,27457.6,27193.7,0.63,1005,27216.9,27685.7
2024-11-08,27073.7,27408.2,27409.4,27011.4,-1.15,1006,27388.1,27216.9
2024-11-11,26965.3,27078.4,27149.1,26922.0,-0.4,1007,27073.7,27388.1
2024-11-12,26918.7,26984.1,27011.9,26858.3,-0.17,1008,26965.3,27073.7
2024-11-13,26756.1,26929.3,27002.6,26754.2,-0.6,1009,26918.7,26965.3
2024-11-14,26735.7,26774.5,26879.6,26661.1,-0.08,1010,26756.1,26918.7
2024-11-15,26753.1,26751.3,26895.6,26701.4,0.07,1011,26735.7,26756.1
2024-11-18,26921.7,26748.4,26959.0,26693.3,0.63,1012,26753.1,26735.7
2024-11-19,26903.5,26938.6,26942.2,26731.0,-0.07,1013,26921.7,26753.1
2024-11-20,26795.0,26919.1,26956.0,26716.6,-0.4,1014,26903.5,26921.7
2024-11-21,26617.1,26800.5,26838.8,26597.0,-0.66,1015,26795.0,26903.5
2024-11-22,26484.5,26628.8,26689.8,26276.8,-0.5,1016,26617.1,26795.0
2024-11-25,26665.3,26613.7,26768.5,26555.8,0.68,1017,26484.5,26617.1
2024-11-26,26642.2,26675.8,26800.1,26500.3,-0.09,1018,26665.3,26484.5
2024-11-27,26806.2,26655.3,26877.6,26611.9,0.62,1019,26642.2,26665.3
2024-11-28,26760.3,26823.1,26833.2,26693.4,-0.17,1020,26806.2,26642.2
2024-11-29,26801.3,26781.2,26862.2,26717.8,0.15,1021,26760.3,26806.2
2024-12-02,26635.1,26809.0,26839.4,26544.3,-0.62,1022,26801.3,26760.3
2024-12-03,26687.6,26640.8,26765.4,26593.6,0.2,1023,26635.1,26801.3
2024-12-04,26695.4,26700.7,26796.1,26609.4,0.03,1024,26687.6,26635.1
2024-12-05,26867.3,26708.4,26888.0,26654.4,0.64,1025,26695.4,26687.6
2024-12-06,26816.3,26879.1,26988.2,26764.8,-0.19,1026,26867.3,26695.4
2024-12-09,26770.4,26818.1,26888.8,26726.0,-0.17,1027,26816.3,26867.3
2024-12-10,26693.9,26787.3,26810.7,26629.4,-0.29,1028,26770.4,26816.3
2024-12-11,26631.2,26703.0,26757.3,26607.1,-0.23,1029,26693.9,26770.4
2024-12-12,26579.9,26648.1,26744.5,26573.1,-0.19,1030,26631.2,26693.9
2024-12-13,26675.1,26584.5,26738.8,26554.0,0.36,1031,26579.9,26631.2
2024-12-16,26679.6,26667.6,26735.0,26597.5,0.02,1032,26675.1,26579.9
2024-12-17,26673.5,26694.0,26755.7,26649.8,-0.02,1033,26679.6,26675.1
2024-12-18,26340.7,26691.7,26760.0,26330.7,-1.25,1034,26673.5,26679.6
2024-12-19,26371.3,26353.6,26534.4,26338.3,0.12,1035,26340.7,26673.5
2024-12-20,26536.6,26386.8,26594.1,26329.4,0.63,1036,26371.3,26340.7
2024-12-23,26470.3,26536.8,26593.0,26426.0,-0.25,1037,26536.6,26371.3
2024-12-24,26434.4,26480.7,26496.0,26414.4,-0.14,1038,26470.3,26536.6
2024-12-25,26447.0,26452.5,26492.2,26439.3,0.05,1039,26434.4,26470.3
2024-12-26,26497.9,26452.3,26528.7,26423.7,0.19,1040,26447.0,26434.4
2024-12-27,26531.5,26510.9,26585.2,26463.6,0.13,1041,26497.9,26447.0
2024-12-30,26512.9,26557.2,26653.5,26433.0,-0.07,1042,26531.5,26497.9
2024-12-31,26379.4,26522.2,26568.1,26361.7,-0.5,1043,26512.9,26531.5
2025-01-01,26384.5,26385.9,26402.5,26377.0,0.02,1044,26379.4,26512.9
2025-01-02,26121.9,26385.9,26436.9,26029.0,-1,1045,26384.5,26379.4
2025-01-03,26182.3,26130.8,26213.2,26107.7,0.23,1046,26121.9,26384.5
2025-01-06,26359.4,26195.4,26490.4,26165.7,0.68,1047,26182.3,26121.9
2025-01-07,26219.7,26372.4,26476.1,26231.3,-0.53,1048,26359.4,26182.3
2025-01-08,26176.8,26232.6,26295.9,26076.7,-0.16,1049,26219.7,26359.4
2025-01-09,26131.2,26192.2,26201.7,26104.7,-0.17,1050,26176.8,26219.7
2025-01-10,25978.8,26146.5,26168.0,25916.7,-0.58,1051,26131.2,26176.8
2025-01-13,26009.5,25981.4,26028.7,25843.2,0.12,1052,25978.8,26131.2
2025-01-14,26159.2,26022.3,26174.6,25994.2,0.58,1053,26009.5,25978.8
2025-01-15,26108.3,26172.0,26286.2,26042.5,-0.19,1054,26159.2,26009.5
2025-01-16,26126.0,26117.4,26176.9,26038.6,0.07,1055,26108.3,26159.2
2025-01-17,26001.0,26136.3,26165.8,25998.7,-0.48,1056,26126.0,26108.3
2025-01-20,26363.0,26026.5,26424.0,26001.2,1.39,1057,26001.0,26126.0
2025-01-21,26343.7,26377.2,26424.0,26131.7,-0.07,1058,26363.0,26001.0
2025-01-22,26069.5,26355.3,26366.7,26112.4,-1.04,1059,26343.7,26363.0
2025-01-23,26120.8,26114.9,26232.0,26020.2,0.2,1060,26069.5,26343.7
2025-01-24,26295.5,26176.7,26417.2,26123.6,0.67,1061,26120.8,26069.5
2025-01-27,26290.4,26298.9,26418.0,26217.4,-0.02,1062,26295.5,26120.8
2025-01-28,26132.6,26315.2,26320.2,26118.3,-0.6,1063,26290.4,26295.5
2025-01-29,26112.5,26159.7,26194.8,26038.1,-0.08,1064,26132.6,26290.4
2025-01-30,26037.3,26134.6,26253.7,26048.1,-0.29,1065,26112.5,26132.6
2025-01-31,25967.2,26059.4,26171.0,25957.8,-0.27,1066,26037.3,26112.5
2025-02-03,26149.6,25802.3,26185.5,25563.0,0.7,1067,25967.2,26037.3
2025-02-04,26108.5,26171.6,26193.1,25899.4,-0.16,1068,26149.6,25967.2
2025-02-05,26155.8,26129.3,26288.9,26077.0,0.18,1069,26108.5,26149.6
2025-02-06,26222.4,26184.4,26273.3,26134.5,0.25,1070,26155.8,26108.5
2025-02-07,26117.0,26239.1,26350.2,26082.0,-0.4,1071,26222.4,26155.8
2025-02-10,26156.6,26130.1,26244.4,26018.7,0.15,1072,26117.0,26222.4
2025-02-11,26449.1,26169.5,26514.4,26146.6,1.12,1073,26156.6,26117.0
2025-02-12,26526.0,26462.0,26664.3,26374.1,0.29,1074,26449.1,26156.6
2025-02-13,26620.4,26554.4,26655.5,26414.8,0.36,1075,26526.0,26449.1
2025-02-14,26615.7,26647.9,26696.3,26547.8,-0.02,1076,26620.4,26526.0
2025-02-17,26697.7,26631.6,26744.6,26613.8,0.31,1077,26615.7,26620.4
2025-02-18,26634.8,26717.1,26786.3,26603.5,-0.24,1078,26697.7,26615.7
2025-02-19,26589.2,26659.5,26721.5,26542.1,-0.17,1079,26634.8,26697.7
2025-02-20,26775.0,26595.7,26806.2,26585.4,0.7,1080,26589.2,26634.8
2025-02-21,26678.4,26798.6,26827.2,26668.5,-0.36,1081,26775.0,26589.2
2025-02-24,26654.8,26783.4,26876.9,26623.8,-0.09,1082,26678.4,26775.0
2025-02-25,26829.2,26662.0,26861.5,26640.2,0.65,1083,26654.8,26678.4
2025-02-26,26768.3,26846.2,26896.3,26758.4,-0.23,1084,26829.2,26654.8
2025-02-27,26533.1,26782.7,26805.6,26548.7,-0.88,1085,26768.3,26829.2
2025-02-28,26487.4,26553.9,26630.9,26475.0,-0.17,1086,26533.1,26768.3
2025-03-03,26817.9,26531.2,26885.0,26529.9,1.25,1087,26487.4,26533.1
2025-03-04,27133.7,26842.8,27165.2,26785.9,1.18,1088,26817.9,26487.4
2025-03-05,27498.6,27161.3,27537.8,27064.0,1.34,1089,27133.7,26817.9
2025-03-06,27480.5,27521.2,27688.6,27440.2,-0.07,1090,27498.6,27133.7
2025-03-07,27599.9,27510.0,27773.7,27436.6,0.43,1091,27480.5,27498.6
2025-03-10,27648.7,27634.7,27761.2,27582.5,0.18,1092,27599.9,27480.5
2025-03-11,27786.3,27656.5,27883.3,27618.4,0.5,1093,27648.7,27599.9
2025-03-12,27699.4,27812.0,27832.9,27686.5,-0.31,1094,27786.3,27648.7
2025-03-13,27661.8,27720.9,27769.1,27605.7,-0.14,1095,27699.4,27786.3
2025-03-14,27741.4,27684.7,27844.5,27602.8,0.29,1096,27661.8,27699.4
2025-03-17,27859.5,27752.7,27904.3,27716.8,0.43,1097,27741.4,27661.8
2025-03-18,27915.6,27886.4,27970.7,27801.8,0.2,1098,27859.5,27741.4
2025-03-19,27835.7,27937.1,27953.5,27743.2,-0.29,1099,27915.6,27859.5
2025-03-20,27718.9,27851.7,27904.2,27643.1,-0.42,1100,27835.7,27915.6
2025-03-21,27667.6,27739.0,27810.9,27645.7,-0.18,1101,27718.9,27835.7
2025-03-24,27669.6,27675.2,27832.2,27633.2,0.01,1102,27667.6,27718.9
2025-03-25,27625.0,27695.0,27750.3,27619.6,-0.16,1103,27669.6,27667.6
2025-03-26,27476.7,27646.5,27678.1,27472.4,-0.54,1104,27625.0,27669.6
2025-03-27,27607.4,27496.7,27676.0,27443.0,0.48,1105,27476.7,27625.0
2025-03-28,27663.0,27624.8,27736.1,27529.9,0.2,1106,27607.4,27476.7
2025-03-31,27653.7,27677.3,27742.3,27590.9,-0.03,1107,27663.0,27607.4
2025-04-01,27651.7,27676.6,27785.7,27628.1,-0.01,1108,27653.7,27663.0
2025-04-02,27788.8,27669.1,28000.8,27637.2,0.5,1109,27651.7,27653.7
2025-04-03,28497.9,27822.7,28762.3,27693.2,2.55,1110,27788.8,27651.7
2025-04-04,28242.0,28519.7,28650.4,28183.9,-0.9,1111,28497.9,27788.8
2025-04-07,28110.5,28111.7,28511.6,28078.1,-0.47,1112,28242.0,28497.9
2025-04-08,28480.1,28133.6,28570.2,28133.6,1.31,1113,28110.5,28242.0
2025-04-09,28428.8,28519.5,28878.4,28362.9,-0.18,1114,28480.1,28110.5
2025-04-10,28821.1,28463.0,28963.7,28260.4,1.38,1115,28428.8,28480.1
2025-04-11,29212.2,28860.7,29525.5,28828.5,1.36,1116,28821.1,28428.8
2025-04-14,29307.7,29075.1,29504.9,29064.8,0.33,1117,29212.2,28821.1
2025-04-15,29093.7,29315.8,29462.5,29083.7,-0.73,1118,29307.7,29212.2
2025-04-16,29441.0,29132.7,29496.9,29126.3,1.19,1119,29093.7,29307.7
2025-04-17,29358.6,29450.4,29491.1,29324.9,-0.28,1120,29441.0,29093.7
2025-04-18,29531.2,29406.4,29580.4,29386.4,0.59,1121,29358.6,29441.0
2025-04-21,29782.7,29551.9,29955.3,29550.6,0.85,1122,29531.2,29358.6
2025-04-22,29653.3,29813.9,29926.6,29593.3,-0.43,1123,29782.7,29531.2
2025-04-23,29413.3,29657.2,29747.7,29361.2,-0.81,1124,29653.3,29782.7
2025-04-24,29645.7,29413.3,29694.4,29409.5,0.79,1125,29413.3,29653.3
2025-04-25,29573.4,29645.7,29660.0,29459.3,-0.24,1126,29645.7,29413.3
2025-04-28,29697.2,29586.5,29705.0,29423.0,0.42,1127,29573.4,29645.7
2025-04-29,29608.0,29697.2,29701.6,29549.7,-0.3,1128,29697.2,29573.4
2025-04-30,29459.8,29608.0,29645.7,29429.9,-0.5,1129,29608.0,29697.2
2025-05-01,29366.2,29459.8,29493.6,29297.2,-0.32,1130,29459.8,29608.0
2025-05-02,29375.3,29366.2,29596.3,29316.7,0.03,1131,29366.2,29459.8
2025-05-05,29369.6,29392.2,29513.2,29325.5,-0.02,1132,29375.3,29366.2
2025-05-06,29521.8,29369.6,29550.4,29275.9,0.52,1133,29369.6,29375.3
2025-05-07,29346.7,29519.2,29541.5,29316.9,-0.59,1134,29521.8,29369.6
2025-05-08,29151.8,29337.6,29450.9,29109.0,-0.66,1135,29346.7,29521.8
2025-05-09,29220.6,29151.8,29337.5,29092.6,0.24,1136,29151.8,29346.7
2025-05-12,28795.3,29144.0,29212.3,28736.9,-1.46,1137,29220.6,29151.8
2025-05-13,29039.2,28791.5,29063.9,28772.5,0.85,1138,28795.3,29220.6
2025-05-14,28976.8,29037.9,29217.1,28949.5,-0.21,1139,29039.2,28795.3
2025-05-15,29032.7,28982.0,29127.2,28962.9,0.19,1140,28976.8,29039.2
2025-05-16,28937.5,29031.4,29102.5,28851.9,-0.33,1141,29032.7,28976.8
2025-05-19,29174.1,28955.6,29295.5,28945.7,0.82,1142,28937.5,29032.7
2025-05-20,29302.0,29159.8,29311.0,29106.6,0.44,1143,29174.1,28937.5
2025-05-21,29430.0,29302.0,29513.1,29294.1,0.44,1144,29302.0,29174.1
2025-05-22,29302.8,29432.6,29473.1,29236.6,-0.43,1145,29430.0,29302.0
2025-05-23,29496.7,29302.8,29524.0,29297.6,0.66,1146,29302.8,29430.0
2025-05-26,29509.2,29498.0,29635.8,29458.6,0.04,1147,29496.7,29302.8
2025-05-27,29361.9,29509.2,29600.9,29345.1,-0.5,1148,29509.2,29496.7
2025-05-28,29327.9,29360.6,29453.9,29293.3,-0.12,1149,29361.9,29509.2
2025-05-29,29595.6,29335.7,29629.5,29112.4,0.91,1150,29327.9,29361.9
2025-05-30,29529.2,29578.7,29630.8,29435.6,-0.22,1151,29595.6,29327.9
2025-06-02,29782.4,29516.2,29805.8,29514.9,0.86,1152,29529.2,29595.6
2025-06-03,29627.1,29779.8,29817.5,29607.6,-0.52,1153,29782.4,29529.2
2025-06-04,29781.4,29628.5,29828.4,29598.4,0.52,1154,29627.1,29782.4
2025-06-05,29851.4,29781.4,29974.5,29744.0,0.24,1155,29781.4,29627.1
2025-06-06,29688.5,29850.1,29885.3,29624.7,-0.55,1156,29851.4,29781.4
2025-06-09,29745.7,29700.3,29800.7,29652.0,0.19,1157,29688.5,29851.4
2025-06-10,29719.3,29743.1,29784.8,29612.5,-0.09,1158,29745.7,29688.5
2025-06-11,29902.0,29724.5,29933.2,29662.6,0.61,1159,29719.3,29745.7
2025-06-12,30164.5,29913.7,30286.8,29894.2,0.88,1160,29902.0,29719.3
2025-06-13,30123.1,30156.6,30242.6,29957.6,-0.14,1161,30164.5,29902.0
2025-06-16,30132.3,30064.5,30270.4,30044.7,0.03,1162,30123.1,30164.5
2025-06-17,29942.9,30145.3,30197.2,29927.2,-0.63,1163,30132.3,30123.1
2025-06-18,29967.1,29942.9,30096.3,29914.9,0.08,1164,29942.9,30132.3
2025-06-19,30034.1,29973.7,30048.5,29875.2,0.22,1165,29967.1,29942.9
2025-06-20,30106.6,30034.1,30162.7,30021.1,0.24,1166,30034.1,29967.1
2025-06-23,30349.1,29996.8,30362.2,29930.2,0.81,1167,30106.6,30034.1
2025-06-24,30382.1,30349.1,30467.1,30275.9,0.11,1168,30349.1,30106.6
2025-06-25,30495.4,30382.1,30511.1,30300.8,0.37,1169,30382.1,30349.1
2025-06-26,30561.7,30494.1,30680.2,30481.0,0.22,1170,30495.4,30382.1
2025-06-27,30583.3,30550.0,30674.7,30484.0,0.07,1171,30561.7,30495.4
2025-06-30,30789.5,30569.0,30793.5,30538.2,0.67,1172,30583.3,30561.7
2025-07-01,30850.4,30788.2,30907.7,30720.9,0.2,1173,30789.5,30583.3
2025-07-02,30879.3,30850.4,30893.5,30741.9,0.09,1174,30850.4,30789.5
2025-07-03,30802.0,30878.0,30988.6,30701.2,-0.25,1175,30879.3,30850.4
2025-07-04,30837.4,30803.3,30897.6,30774.3,0.11,1176,30802.0,30879.3
2025-07-07,30611.9,30836.1,30876.0,30555.7,-0.73,1177,30837.4,30802.0
2025-07-08,30643.3,30614.5,30746.8,30532.2,0.1,1178,30611.9,30837.4
2025-07-09,30637.5,30644.6,30670.8,30555.2,-0.02,1179,30643.3,30611.9
2025-07-10,30555.3,30627.1,30714.6,30454.7,-0.27,1180,30637.5,30643.3
2025-07-11,30527.9,30556.6,30591.8,30431.8,-0.09,1181,30555.3,30637.5
2025-07-14,30473.5,30443.0,30571.7,30423.4,-0.18,1182,30527.9,30555.3
2025-07-15,30322.1,30480.0,30570.2,30298.6,-0.5,1183,30473.5,30527.9
2025-07-16,30437.2,30319.5,30664.8,30246.2,0.38,1184,30322.1,30473.5
2025-07-17,30335.1,30452.9,30459.4,30228.5,-0.34,1185,30437.2,30322.1
2025-07-18,30413.6,30333.8,30535.3,30322.1,0.26,1186,30335.1,30437.2
2025-07-21,30589.6,30416.3,30648.4,30365.5,0.58,1187,30413.6,30335.1
2025-07-22,30732.1,30589.6,30749.1,30520.9,0.47,1188,30589.6,30413.6
2025-07-23,30783.8,30730.8,30795.6,30621.6,0.17,1189,30732.1,30589.6
2025-07-24,30704.7,30783.8,30822.0,30656.4,-0.26,1190,30783.8,30732.1
2025-07-25,30699.5,30704.7,30754.6,30597.5,-0.02,1191,30704.7,30783.8
2025-07-28,30363.2,30715.2,30786.9,30352.7,-1.1,1192,30699.5,30704.7
2025-07-29,30279.4,30364.5,30456.4,30196.6,-0.28,1193,30363.2,30699.5
2025-07-30,29885.3,30282.0,30386.4,29872.2,-1.3,1194,30279.4,30363.2
2025-07-31,29907.5,29880.0,30045.7,29878.7,0.07,1195,29885.3,30279.4
2025-08-01,30377.2,29906.2,30408.6,29851.4,1.57,1196,29907.5,29885.3
2025-08-04,30288.8,30358.8,30409.3,30237.5,-0.29,1197,30377.2,29907.5
2025-08-05,30385.7,30288.8,30415.9,30221.8,0.32,1198,30288.8,30377.2
2025-08-06,30577.0,30379.1,30602.0,30292.5,0.63,1199,30385.7,30288.8
2025-08-07,30581.1,30577.0,30674.8,30436.9,0.01,1200,30577.0,30385.7
2025-08-08,30525.9,30581.1,30620.0,30484.3,-0.18,1201,30581.1,30577.0
2025-08-11,30470.9,30529.8,30628.1,30404.1,-0.18,1202,30525.9,30581.1
2025-08-12,30666.3,30470.9,30730.7,30441.8,0.64,1203,30470.9,30525.9
2025-08-13,30775.1,30668.9,30851.2,30633.6,0.35,1204,30666.3,30470.9
2025-08-14,30593.5,30773.8,30811.8,30548.8,-0.59,1205,30775.1,30666.3
2025-08-15,30730.7,30596.1,30776.6,30573.1,0.45,1206,30593.5,30775.1
2025-08-18,30667.1,30720.1,30800.1,30640.9,-0.21,1207,30730.7,30593.5
2025-08-19,30656.2,30668.4,30776.0,30606.4,-0.04,1208,30667.1,30730.7
2025-08-20,30748.3,30653.6,30807.7,30576.9,0.3,1209,30656.2,30667.1
2025-08-21,30676.2,30752.3,30844.3,30643.5,-0.23,1210,30748.3,30656.2
2025-08-22,30873.0,30677.6,30944.1,30518.3,0.64,1211,30676.2,30748.3
2025-08-25,30562.5,30873.0,30905.9,30519.1,-1.01,1212,30873.0,30676.2
2025-08-26,30694.1,30565.1,30758.7,30538.8,0.43,1213,30562.5,30873.0
2025-08-27,30702.4,30696.8,30724.8,30479.1,0.03,1214,30694.1,30562.5
2025-08-28,30812.6,30702.4,30854.8,30633.5,0.36,1215,30702.4,30694.1
2025-08-29,30786.8,30812.6,30848.7,30692.1,-0.08,1216,30812.6,30702.4
2025-09-01,30852.6,30786.8,30922.4,30784.1,0.21,1217,30786.8,30812.6
2025-09-02,30668.2,30852.6,30873.7,30591.8,-0.6,1218,30852.6,30786.8
2025-09-03,30771.8,30665.6,30829.8,30571.1,0.34,1219,30668.2,30852.6
2025-09-04,30740.4,30770.5,30794.2,30690.3,-0.1,1220,30771.8,30668.2
2025-09-05,30938.2,30740.4,31049.0,30733.8,0.64,1221,30740.4,30771.8
2025-09-08,31074.6,30938.2,31079.9,30874.0,0.44,1222,30938.2,30740.4
2025-09-09,30894.5,31072.0,31125.3,30881.3,-0.58,1223,31074.6,30938.2
2025-09-10,30869.0,30895.8,30965.3,30807.2,-0.08,1224,30894.5,31074.6
2025-09-11,30979.4,30869.0,31015.0,30793.2,0.36,1225,30869.0,30894.5
2025-09-12,30960.2,30979.4,31017.4,30873.1,-0.06,1226,30979.4,30869.0
2025-09-15,31031.4,30960.2,31068.3,30898.3,0.23,1227,30960.2,30979.4
2025-09-16,31309.4,31039.3,31339.8,31003.9,0.9,1228,31031.4,30960.2
2025-09-17,31156.8,31309.4,31437.7,31142.3,-0.49,1229,31309.4,31031.4
2025-09-18,31101.3,31155.5,31268.3,31003.7,-0.18,1230,31156.8,31309.4
2025-09-19,30987.6,31101.3,31133.5,30944.0,-0.37,1231,31101.3,31156.8
2025-09-22,31181.9,30987.6,31184.5,30913.7,0.63,1232,30987.6,31101.3
2025-09-23,31216.6,31179.3,31234.7,31105.3,0.11,1233,31181.9,30987.6
2025-09-24,31011.9,31215.2,31228.4,30984.2,-0.66,1234,31216.6,31181.9
2025-09-25,30805.4,31011.9,31056.7,30749.9,-0.67,1235,31011.9,31216.6
2025-09-26,30905.0,30805.4,30919.5,30778.1,0.32,1236,30805.4,31011.9
2025-09-29,30982.6,30905.0,31060.5,30896.4,0.25,1237,30905.0,30805.4
2025-09-30,31009.4,30982.6,31084.8,30939.6,0.09,1238,30982.6,30905.0
2025-10-01,30978.9,31008.1,31114.9,30936.7,-0.1,1239,31009.4,30982.6
2025-10-02,30925.0,30976.3,31047.4,30836.5,-0.17,1240,30978.9,31009.4
2025-10-03,30977.9,30923.7,31022.7,30903.6,0.17,1241,30925.0,30978.9
2025-10-06,30873.4,30977.9,30977.9,30704.5,-0.34,1242,30977.9,30925.0
2025-10-07,30733.7,30880.0,30898.2,30708.6,-0.45,1243,30873.4,30977.9
2025-10-08,30650.1,30725.8,30748.2,30568.2,-0.27,1244,30733.7,30873.4
2025-10-09,30469.6,30640.9,30778.6,30410.3,-0.59,1245,30650.1,30733.7
2025-10-10,30607.1,30469.6,30636.1,30430.3,0.45,1246,30469.6,30650.1
2025-10-13,30479.9,30607.1,30644.4,30446.9,-0.42,1247,30607.1,30469.6
2025-10-14,30589.5,30482.5,30617.2,30418.9,0.36,1248,30479.9,30607.1
2025-10-15,30679.5,30589.5,30697.0,30570.6,0.29,1249,30589.5,30479.9
2025-10-16,30779.0,30679.5,30798.8,30650.6,0.32,1250,30679.5,30589.5
2025-10-17,30692.4,30779.0,30891.3,30689.8,-0.28,1251,30779.0,30679.5
2025-10-20,30666.6,30721.4,30763.6,30657.4,-0.08,1252,30692.4,30779.0
2025-10-21,30556.6,30669.3,30704.8,30551.3,-0.36,1253,30666.6,30692.4
2025-10-22,30590.8,30556.6,30623.7,30497.7,0.11,1254,30556.6,30666.6
2025-10-23,30593.8,30592.1,30610.4,30500.8,0.01,1255,30590.8,30556.6
2025-10-24,30582.2,30592.5,30642.7,30510.0,-0.04,1256,30593.8,30590.8
2025-10-27,30632.2,30582.2,30657.9,30540.0,0.16,1257,30582.2,30593.8
2025-10-28,30676.1,30630.9,30722.1,30607.6,0.14,1258,30632.2,30582.2
2025-10-29,30552.4,30676.1,30724.7,30490.5,-0.4,1259,30676.1,30632.2
2025-10-30,30452.0,30551.1,30636.0,30403.3,-0.33,1260,30552.4,30676.1
2025-10-31,30355.7,30452.0,30489.5,30317.5,-0.32,1261,30452.0,30552.4
2025-11-03,30311.4,30355.7,30376.4,30272.0,-0.15,1262,30355.7,30452.0
2025-11-04,30221.9,30310.1,30366.8,30196.9,-0.3,1263,30311.4,30355.7
2025-11-05,30251.1,30221.9,30286.2,30188.0,0.1,1264,30221.9,30311.4
2025-11-06,30387.3,30249.8,30400.4,30244.6,0.45,1265,30251.1,30221.9
2025-11-07,30430.2,30385.9,30497.2,30322.3,0.14,1266,30387.3,30251.1
2025-11-10,30396.2,30430.2,30474.2,30348.1,-0.11,1267,30430.2,30387.3
2025-11-11,30478.0,30396.2,30541.2,30359.1,0.27,1268,30396.2,30430.2
2025-11-12,30554.7,30478.0,30566.5,30439.1,0.25,1269,30478.0,30396.2
2025-11-13,30658.8,30553.4,30720.7,30484.7,0.34,1270,30554.7,30478.0
2025-11-14,30621.3,30674.6,30719.9,30580.5,-0.12,1271,30658.8,30554.7
2025-11-17,30549.4,30621.3,30636.3,30515.9,-0.23,1272,30621.3,30658.8
2025-11-18,30554.2,30550.7,30628.1,30513.3,0.02,1273,30549.4,30621.3
2025-11-19,30433.8,30554.2,30597.3,30381.0,-0.39,1274,30554.2,30549.4
2025-11-20,30407.6,30431.1,30464.3,30350.6,-0.09,1275,30433.8,30554.2
2025-11-21,30338.9,30407.6,30456.2,30279.6,-0.23,1276,30407.6,30433.8
2025-11-24,30387.2,30338.9,30465.0,30280.0,0.16,1277,30338.9,30407.6
2025-11-25,30514.9,30387.2,30555.8,30359.0,0.42,1278,30387.2,30338.9
2025-11-26,30584.9,30514.9,30602.8,30456.9,0.23,1279,30514.9,30387.2
2025-11-27,30583.7,30584.9,30645.8,30531.1,0,1280,30584.9,30514.9
2025-11-28,30572.9,30583.7,30622.3,30454.8,-0.04,1281,30583.7,30584.9
2025-12-01,30612.9,30572.9,30727.6,30514.1,0.13,1282,30572.9,30583.7
2025-12-02,30657.0,30616.9,30675.1,30563.7,0.14,1283,30612.9,30572.9
2025-12-03,30780.7,30662.3,30796.5,30627.6,0.4,1284,30657.0,30612.9
2025-12-04,30710.5,30776.7,30826.3,30696.3,-0.23,1285,30780.7,30657.0
2025-12-05,30689.6,30710.5,30772.8,30651.4,-0.07,1286,30710.5,30780.7
2025-12-08,30676.5,30696.2,30785.6,30619.8,-0.04,1287,30689.6,30710.5
2025-12-09,30662.0,30673.8,30739.7,30631.7,-0.05,1288,30676.5,30689.6
2025-12-10,30825.8,30662.0,30840.3,30631.3,0.53,1289,30662.0,30676.5
2025-12-11,30904.5,30825.8,30969.0,30763.1,0.26,1290,30825.8,30662.0
2025-12-12,30884.6,30904.5,30954.8,30813.3,-0.06,1291,30904.5,30825.8
2025-12-15,30935.2,30887.2,30976.0,30820.0,0.16,1292,30884.6,30904.5
2025-12-16,30946.2,30932.6,31097.6,30894.6,0.04,1293,30935.2,30884.6
2025-12-17,30918.6,30947.5,30985.6,30806.2,-0.09,1294,30946.2,30935.2
2025-12-18,30858.2,30918.6,30966.5,30833.2,-0.2,1295,30918.6,30946.2
2025-12-19,30810.6,30855.5,30903.6,30768.4,-0.15,1296,30858.2,30918.6
2025-12-22,30977.2,30819.9,31000.9,30784.9,0.54,1297,30810.6,30858.2
2025-12-23,31056.1,30965.3,31077.5,30948.7,0.25,1298,30977.2,30810.6
2025-12-24,31001.0,31052.2,31111.5,30964.0,-0.18,1299,31056.1,30977.2
2025-12-25,30953.9,31012.9,31020.4,30916.9,-0.15,1300,31001.0,31056.1
2025-12-26,30951.1,30960.5,31038.7,30903.9,-0.01,1301,30953.9,31001.0
2025-12-29,30944.0,30947.2,31011.5,30869.4,-0.02,1302,30951.1,30953.9
2025-12-30,30856.1,30932.2,30975.0,30843.0,-0.28,1303,30944.0,30951.1
2025-12-31,30890.7,30856.1,30932.9,30794.3,0.11,1304,30856.1,30944.0
2026-01-01,30890.7,30878.8,30893.3,30876.2,0,1305,30890.7,30856.1
2026-01-02,30823.6,30899.9,30942.0,30805.2,-0.22,1306,30890.7,30890.7
2026-01-05,30797.7,30834.1,30846.0,30633.4,-0.08,1307,30823.6,30890.7
2026-01-06,30712.1,30799.0,30872.5,30700.3,-0.28,1308,30797.7,30823.6
2026-01-07,30672.3,30709.5,30767.6,30667.7,-0.13,1309,30712.1,30797.7
2026-01-08,30629.5,30672.3,30726.1,30584.9,-0.14,1310,30672.3,30712.1
2026-01-09,30573.0,30630.8,30660.3,30518.1,-0.18,1311,30629.5,30672.3
2026-01-12,30656.4,30547.7,30747.2,30510.9,0.27,1312,30573.0,30629.5
2026-01-13,30605.2,30660.3,30711.8,30580.1,-0.17,1313,30656.4,30573.0
2026-01-14,30596.2,30614.4,30656.5,30559.8,-0.03,1314,30605.2,30656.4
2026-01-15,30494.2,30592.3,30623.7,30454.8,-0.33,1315,30596.2,30605.2
2026-01-16,30476.4,30494.2,30567.0,30437.0,-0.06,1316,30494.2,30596.2
2026-01-19,30588.2,30435.7,30609.0,30405.4,0.37,1317,30476.4,30494.2
2026-01-20,30794.4,30583.0,30911.3,30536.2,0.67,1318,30588.2,30476.4
2026-01-21,30689.3,30787.8,30854.4,30668.3,-0.34,1319,30794.4,30588.2
2026-01-22,30881.1,30686.7,30885.1,30648.4,0.62,1320,30689.3,30794.4
2026-01-23,31042.6,30875.9,31058.3,30753.4,0.52,1321,30881.1,30689.3
2026-01-26,31112.1,31055.7,31227.6,30991.9,0.22,1322,31042.6,30881.1
2026-01-27,31469.3,31100.3,31567.3,30971.3,1.15,1323,31112.1,31042.6
2026-01-28,31158.1,31468.0,31479.7,31005.6,-0.99,1324,31469.3,31112.1
2026-01-29,31123.3,31158.1,31280.2,30955.6,-0.11,1325,31158.1,31469.3
2026-01-30,30738.9,31123.3,31137.6,30737.6,-1.24,1326,31123.3,31158.1
2026-02-02,30680.2,30755.8,30918.2,30641.2,-0.19,1327,30738.9,31123.3
2026-02-03,30731.8,30680.2,30777.4,30620.5,0.17,1328,30680.2,30738.9
2026-02-04,30677.0,30731.8,30793.7,30632.8,-0.18,1329,30731.8,30680.2
2026-02-05,30567.2,30678.3,30711.9,30546.8,-0.36,1330,30677.0,30731.8
2026-02-06,30665.1,30569.8,30692.2,30533.8,0.32,1331,30567.2,30677.0
2026-02-09,30870.5,30665.1,30902.9,30619.2,0.67,1332,30665.1,30567.2
2026-02-10,30790.2,30866.6,30911.0,30751.4,-0.26,1333,30870.5,30665.1
2026-02-11,30865.9,30790.2,31029.1,30754.0,0.25,1334,30790.2,30870.5
2026-02-12,30815.8,30864.6,30939.0,30746.3,-0.16,1335,30865.9,30790.2
2026-02-13,30822.5,30815.8,30881.6,30738.0,0.02,1336,30815.8,30865.9
2026-02-16,30777.1,30822.5,30845.9,30764.1,-0.15,1337,30822.5,30815.8
2026-02-17,30787.4,30777.1,30790.0,30657.6,0.03,1338,30777.1,30822.5
2026-02-18,30601.8,30786.1,30797.8,30597.9,-0.6,1339,30787.4,30777.1
2026-02-19,30575.8,30601.8,30665.4,30494.0,-0.08,1340,30601.8,30787.4
2026-02-20,30596.6,30575.8,30666.7,30496.6,0.07,1341,30575.8,30601.8
2026-02-23,30783.7,30604.4,30861.7,30604.4,0.61,1342,30596.6,30575.8
2026-02-24,30838.1,30783.7,30910.7,30741.3,0.18,1343,30783.7,30596.6
2026-02-25,30827.8,30839.4,30913.1,30724.7,-0.03,1344,30838.1,30783.7
2026-02-26,30762.0,30826.5,30922.1,30700.7,-0.21,1345,30827.8,30838.1
2026-02-27,30769.6,30762.0,30844.3,30662.0,0.02,1346,30762.0,30827.8
2026-03-02,30585.6,30708.4,30904.0,30539.8,-0.6,1347,30769.6,30762.0
2026-03-03,30430.0,30583.0,30684.7,30207.3,-0.51,1348,30585.6,30769.6
2026-03-04,30503.0,30423.5,30562.0,30325.2,0.24,1349,30430.0,30585.6
2026-03-05,30431.7,30504.4,30556.9,30301.9,-0.23,1350,30503.0,30430.0
2026-03-06,30486.9,30435.6,30530.4,30295.4,0.18,1351,30431.7,30503.0
2026-03-09,30577.8,30355.8,30583.1,30172.4,0.3,1352,30486.9,30431.7
2026-03-10,30460.2,30579.1,30634.5,30400.0,-0.38,1353,30577.8,30486.9
2026-03-11,30363.4,30462.8,30583.1,30346.3,-0.32,1354,30460.2,30577.8
2026-03-12,30246.5,30364.7,30410.9,30232.2,-0.39,1355,30363.4,30460.2
2026-03-13,30018.5,30245.2,30310.5,30004.1,-0.75,1356,30246.5,30363.4
2026-03-16,30245.3,30012.0,30300.5,29969.7,0.76,1357,30018.5,30246.5
2026-03-17,30348.9,30248.0,30371.2,30116.5,0.34,1358,30245.3,30018.5
2026-03-18,30130.2,30350.2,30403.8,30123.6,-0.72,1359,30348.9,30245.3
2026-03-19,30467.5,30130.2,30539.8,30106.5,1.12,1360,30130.2,30348.9
2026-03-20,30445.6,30467.5,30491.3,30324.6,-0.07,1361,30467.5,30130.2
2026-03-23,30589.8,30368.0,30660.9,30250.0,0.47,1362,30445.6,30467.5
2026-03-24,30593.9,30592.4,30650.6,30459.5,0.01,1363,30589.8,30445.6
2026-03-25,30456.7,30595.2,30655.8,30447.4,-0.45,1364,30593.9,30589.8
2026-03-26,30377.4,30458.0,30489.7,30355.0,-0.26,1365,30456.7,30593.9
2026-03-27,30314.5,30377.4,30422.5,30293.4,-0.21,1366,30377.4,30456.7
2026-03-29,30264.4,30296.9,30294.7,30259.2,-0.17,1367,30314.5,30377.4
2026-03-30,30266.1,30296.9,30340.6,30266.1,0.01,1368,30264.4,30314.5
