"Date","Price","Open","High","Low","Vol.","Change %"
"03/30/2026","30,266.1","30,296.9","30,340.6","30,266.1","","0.01%"
"03/29/2026","30,264.4","30,296.9","30,294.7","30,259.2","","-0.17%"
"03/27/2026","30,314.5","30,377.4","30,422.5","30,293.4","","-0.21%"
"03/26/2026","30,377.4","30,458.0","30,489.7","30,355.0","","-0.26%"
"03/25/2026","30,456.7","30,595.2","30,655.8","30,447.4","","-0.45%"
"03/24/2026","30,593.9","30,592.4","30,650.6","30,459.5","","0.01%"
"03/23/2026","30,589.8","30,368.0","30,660.9","30,250.0","","0.47%"
"03/20/2026","30,445.6","30,467.5","30,491.3","30,324.6","","-0.07%"
"03/19/2026","30,467.5","30,130.2","30,539.8","30,106.5","","1.12%"
"03/18/2026","30,130.2","30,350.2","30,403.8","30,123.6","","-0.72%"
"03/17/2026","30,348.9","30,248.0","30,371.2","30,116.5","","0.34%"
"03/16/2026","30,245.3","30,012.0","30,300.5","29,969.7","","0.76%"
"03/13/2026","30,018.5","30,245.2","30,310.5","30,004.1","","-0.75%"
"03/12/2026","30,246.5","30,364.7","30,410.9","30,232.2","","-0.39%"
"03/11/2026","30,363.4","30,462.8","30,583.1","30,346.3","","-0.32%"
"03/10/2026","30,460.2","30,579.1","30,634.5","30,400.0","","-0.38%"
"03/09/2026","30,577.8","30,355.8","30,583.1","30,172.4","","0.30%"
"03/06/2026","30,486.9","30,435.6","30,530.4","30,295.4","","0.18%"
"03/05/2026","30,431.7","30,504.4","30,556.9","30,301.9","","-0.23%"
"03/04/2026","30,503.0","30,423.5","30,562.0","30,325.2","","0.24%"
"03/03/2026","30,430.0","30,583.0","30,684.7","30,207.3","","-0.51%"
"03/02/2026","30,585.6","30,708.4","30,904.0","30,539.8","","-0.60%"
"02/27/2026","30,769.6","30,762.0","30,844.3","30,662.0","","0.02%"
"02/26/2026","30,762.0","30,826.5","30,922.1","30,700.7","","-0.21%"
"02/25/2026","30,827.8","30,839.4","30,913.1","30,724.7","","-0.03%"
"02/24/2026","30,838.1","30,783.7","30,910.7","30,741.3","","0.18%"
"02/23/2026","30,783.7","30,604.4","30,861.7","30,604.4","","0.61%"
"02/20/2026","30,596.6","30,575.8","30,666.7","30,496.6","","0.07%"
"02/19/2026","30,575.8","30,601.8","30,665.4","30,494.0","","-0.08%"
"02/18/2026","30,601.8","30,786.1","30,797.8","30,597.9","","-0.60%"
"02/17/2026","30,787.4","30,777.1","30,790.0","30,657.6","","0.03%"
"02/16/2026","30,777.1","30,822.5","30,845.9","30,764.1","","-0.15%"
"02/13/2026","30,822.5","30,815.8","30,881.6","30,738.0","","0.02%"
"02/12/2026","30,815.8","30,864.6","30,939.0","30,746.3","","-0.16%"
"02/11/2026","30,865.9","30,790.2","31,029.1","30,754.0","","0.25%"
"02/10/2026","30,790.2","30,866.6","30,911.0","30,751.4","","-0.26%"
"02/09/2026","30,870.5","30,665.1","30,902.9","30,619.2","","0.67%"
"02/06/2026","30,665.1","30,569.8","30,692.2","30,533.8","","0.32%"
"02/05/2026","30,567.2","30,678.3","30,711.9","30,546.8","","-0.36%"
"02/04/2026","30,677.0","30,731.8","30,793.7","30,632.8","","-0.18%"
"02/03/2026","30,731.8","30,680.2","30,777.4","30,620.5","","0.17%"
"02/02/2026","30,680.2","30,755.8","30,918.2","30,641.2","","-0.19%"
"01/30/2026","30,738.9","31,123.3","31,137.6","30,737.6","","-1.24%"
"01/29/2026","31,123.3","31,158.1","31,280.2","30,955.6","","-0.11%"
"01/28/2026","31,158.1","31,468.0","31,479.7","31,005.6","","-0.99%"
"01/27/2026","31,469.3","31,100.3","31,567.3","30,971.3","","1.15%"
"01/26/2026","31,112.1","31,055.7","31,227.6","30,991.9","","0.22%"
"01/23/2026","31,042.6","30,875.9","31,058.3","30,753.4","","0.52%"
"01/22/2026","30,881.1","30,686.7","30,885.1","30,648.4","","0.62%"
"01/21/2026","30,689.3","30,787.8","30,854.4","30,668.3","","-0.34%"
"01/20/2026","30,794.4","30,583.0","30,911.3","30,536.2","","0.67%"
"01/19/2026","30,588.2","30,435.7","30,609.0","30,405.4","","0.37%"
"01/16/2026","30,476.4","30,494.2","30,567.0","30,437.0","","-0.06%"
"01/15/2026","30,494.2","30,592.3","30,623.7","30,454.8","","-0.33%"
"01/14/2026","30,596.2","30,614.4","30,656.5","30,559.8","","-0.03%"
"01/13/2026","30,605.2","30,660.3","30,711.8","30,580.1","","-0.17%"
"01/12/2026","30,656.4","30,547.7","30,747.2","30,510.9","","0.27%"
"01/09/2026","30,573.0","30,630.8","30,660.3","30,518.1","","-0.18%"
"01/08/2026","30,629.5","30,672.3","30,726.1","30,584.9","","-0.14%"
"01/07/2026","30,672.3","30,709.5","30,767.6","30,667.7","","-0.13%"
"01/06/2026","30,712.1","30,799.0","30,872.5","30,700.3","","-0.28%"
"01/05/2026","30,797.7","30,834.1","30,846.0","30,633.4","","-0.08%"
"01/02/2026","30,823.6","30,899.9","30,942.0","30,805.2","","-0.22%"
"01/01/2026","30,890.7","30,878.8","30,893.3","30,876.2","","0.00%"
"12/31/2025","30,890.7","30,856.1","30,932.9","30,794.3","","0.11%"
"12/30/2025","30,856.1","30,932.2","30,975.0","30,843.0","","-0.28%"
"12/29/2025","30,944.0","30,947.2","31,011.5","30,869.4","","-0.02%"
"12/26/2025","30,951.1","30,960.5","31,038.7","30,903.9","","-0.01%"
"12/25/2025","30,953.9","31,012.9","31,020.4","30,916.9","","-0.15%"
"12/24/2025","31,001.0","31,052.2","31,111.5","30,964.0","","-0.18%"
"12/23/2025","31,056.1","30,965.3","31,077.5","30,948.7","","0.25%"
"12/22/2025","30,977.2","30,819.9","31,000.9","30,784.9","","0.54%"
"12/19/2025","30,810.6","30,855.5","30,903.6","30,768.4","","-0.15%"
"12/18/2025","30,858.2","30,918.6","30,966.5","30,833.2","","-0.20%"
"12/17/2025","30,918.6","30,947.5","30,985.6","30,806.2","","-0.09%"
"12/16/2025","30,946.2","30,932.6","31,097.6","30,894.6","","0.04%"
"12/15/2025","30,935.2","30,887.2","30,976.0","30,820.0","","0.16%"
"12/12/2025","30,884.6","30,904.5","30,954.8","30,813.3","","-0.06%"
"12/11/2025","30,904.5","30,825.8","30,969.0","30,763.1","","0.26%"
"12/10/2025","30,825.8","30,662.0","30,840.3","30,631.3","","0.53%"
"12/09/2025","30,662.0","30,673.8","30,739.7","30,631.7","","-0.05%"
"12/08/2025","30,676.5","30,696.2","30,785.6","30,619.8","","-0.04%"
"12/05/2025","30,689.6","30,710.5","30,772.8","30,651.4","","-0.07%"
"12/04/2025","30,710.5","30,776.7","30,826.3","30,696.3","","-0.23%"
"12/03/2025","30,780.7","30,662.3","30,796.5","30,627.6","","0.40%"
"12/02/2025","30,657.0","30,616.9","30,675.1","30,563.7","","0.14%"
"12/01/2025","30,612.9","30,572.9","30,727.6","30,514.1","","0.13%"
"11/28/2025","30,572.9","30,583.7","30,622.3","30,454.8","","-0.04%"
"11/27/2025","30,583.7","30,584.9","30,645.8","30,531.1","","0.00%"
"11/26/2025","30,584.9","30,514.9","30,602.8","30,456.9","","0.23%"
"11/25/2025","30,514.9","30,387.2","30,555.8","30,359.0","","0.42%"
"11/24/2025","30,387.2","30,338.9","30,465.0","30,280.0","","0.16%"
"11/21/2025","30,338.9","30,407.6","30,456.2","30,279.6","","-0.23%"
"11/20/2025","30,407.6","30,431.1","30,464.3","30,350.6","","-0.09%"
"11/19/2025","30,433.8","30,554.2","30,597.3","30,381.0","","-0.39%"
"11/18/2025","30,554.2","30,550.7","30,628.1","30,513.3","","0.02%"
"11/17/2025","30,549.4","30,621.3","30,636.3","30,515.9","","-0.23%"
"11/14/2025","30,621.3","30,674.6","30,719.9","30,580.5","","-0.12%"
"11/13/2025","30,658.8","30,553.4","30,720.7","30,484.7","","0.34%"
"11/12/2025","30,554.7","30,478.0","30,566.5","30,439.1","","0.25%"
"11/11/2025","30,478.0","30,396.2","30,541.2","30,359.1","","0.27%"
"11/10/2025","30,396.2","30,430.2","30,474.2","30,348.1","","-0.11%"
"11/07/2025","30,430.2","30,385.9","30,497.2","30,322.3","","0.14%"
"11/06/2025","30,387.3","30,249.8","30,400.4","30,244.6","","0.45%"
"11/05/2025","30,251.1","30,221.9","30,286.2","30,188.0","","0.10%"
"11/04/2025","30,221.9","30,310.1","30,366.8","30,196.9","","-0.30%"
"11/03/2025","30,311.4","30,355.7","30,376.4","30,272.0","","-0.15%"
"10/31/2025","30,355.7","30,452.0","30,489.5","30,317.5","","-0.32%"
"10/30/2025","30,452.0","30,551.1","30,636.0","30,403.3","","-0.33%"
"10/29/2025","30,552.4","30,676.1","30,724.7","30,490.5","","-0.40%"
"10/28/2025","30,676.1","30,630.9","30,722.1","30,607.6","","0.14%"
"10/27/2025","30,632.2","30,582.2","30,657.9","30,540.0","","0.16%"
"10/24/2025","30,582.2","30,592.5","30,642.7","30,510.0","","-0.04%"
"10/23/2025","30,593.8","30,592.1","30,610.4","30,500.8","","0.01%"
"10/22/2025","30,590.8","30,556.6","30,623.7","30,497.7","","0.11%"
"10/21/2025","30,556.6","30,669.3","30,704.8","30,551.3","","-0.36%"
"10/20/2025","30,666.6","30,721.4","30,763.6","30,657.4","","-0.08%"
"10/17/2025","30,692.4","30,779.0","30,891.3","30,689.8","","-0.28%"
"10/16/2025","30,779.0","30,679.5","30,798.8","30,650.6","","0.32%"
"10/15/2025","30,679.5","30,589.5","30,697.0","30,570.6","","0.29%"
"10/14/2025","30,589.5","30,482.5","30,617.2","30,418.9","","0.36%"
"10/13/2025","30,479.9","30,607.1","30,644.4","30,446.9","","-0.42%"
"10/10/2025","30,607.1","30,469.6","30,636.1","30,430.3","","0.45%"
"10/09/2025","30,469.6","30,640.9","30,778.6","30,410.3","","-0.59%"
"10/08/2025","30,650.1","30,725.8","30,748.2","30,568.2","","-0.27%"
"10/07/2025","30,733.7","30,880.0","30,898.2","30,708.6","","-0.45%"
"10/06/2025","30,873.4","30,977.9","30,977.9","30,704.5","","-0.34%"
"10/03/2025","30,977.9","30,923.7","31,022.7","30,903.6","","0.17%"
"10/02/2025","30,925.0","30,976.3","31,047.4","30,836.5","","-0.17%"
"10/01/2025","30,978.9","31,008.1","31,114.9","30,936.7","","-0.10%"
"09/30/2025","31,009.4","30,982.6","31,084.8","30,939.6","","0.09%"
"09/29/2025","30,982.6","30,905.0","31,060.5","30,896.4","","0.25%"
"09/26/2025","30,905.0","30,805.4","30,919.5","30,778.1","","0.32%"
"09/25/2025","30,805.4","31,011.9","31,056.7","30,749.9","","-0.67%"
"09/24/2025","31,011.9","31,215.2","31,228.4","30,984.2","","-0.66%"
"09/23/2025","31,216.6","31,179.3","31,234.7","31,105.3","","0.11%"
"09/22/2025","31,181.9","30,987.6","31,184.5","30,913.7","","0.63%"
"09/19/2025","30,987.6","31,101.3","31,133.5","30,944.0","","-0.37%"
"09/18/2025","31,101.3","31,155.5","31,268.3","31,003.7","","-0.18%"
"09/17/2025","31,156.8","31,309.4","31,437.7","31,142.3","","-0.49%"
"09/16/2025","31,309.4","31,039.3","31,339.8","31,003.9","","0.90%"
"09/15/2025","31,031.4","30,960.2","31,068.3","30,898.3","","0.23%"
"09/12/2025","30,960.2","30,979.4","31,017.4","30,873.1","","-0.06%"
"09/11/2025","30,979.4","30,869.0","31,015.0","30,793.2","","0.36%"
"09/10/2025","30,869.0","30,895.8","30,965.3","30,807.2","","-0.08%"
"09/09/2025","30,894.5","31,072.0","31,125.3","30,881.3","","-0.58%"
"09/08/2025","31,074.6","30,938.2","31,079.9","30,874.0","","0.44%"
"09/05/2025","30,938.2","30,740.4","31,049.0","30,733.8","","0.64%"
"09/04/2025","30,740.4","30,770.5","30,794.2","30,690.3","","-0.10%"
"09/03/2025","30,771.8","30,665.6","30,829.8","30,571.1","","0.34%"
"09/02/2025","30,668.2","30,852.6","30,873.7","30,591.8","","-0.60%"
"09/01/2025","30,852.6","30,786.8","30,922.4","30,784.1","","0.21%"
"08/29/2025","30,786.8","30,812.6","30,848.7","30,692.1","","-0.08%"
"08/28/2025","30,812.6","30,702.4","30,854.8","30,633.5","","0.36%"
"08/27/2025","30,702.4","30,696.8","30,724.8","30,479.1","","0.03%"
"08/26/2025","30,694.1","30,565.1","30,758.7","30,538.8","","0.43%"
"08/25/2025","30,562.5","30,873.0","30,905.9","30,519.1","","-1.01%"
"08/22/2025","30,873.0","30,677.6","30,944.1","30,518.3","","0.64%"
"08/21/2025","30,676.2","30,752.3","30,844.3","30,643.5","","-0.23%"
"08/20/2025","30,748.3","30,653.6","30,807.7","30,576.9","","0.30%"
"08/19/2025","30,656.2","30,668.4","30,776.0","30,606.4","","-0.04%"
"08/18/2025","30,667.1","30,720.1","30,800.1","30,640.9","","-0.21%"
"08/15/2025","30,730.7","30,596.1","30,776.6","30,573.1","","0.45%"
"08/14/2025","30,593.5","30,773.8","30,811.8","30,548.8","","-0.59%"
"08/13/2025","30,775.1","30,668.9","30,851.2","30,633.6","","0.35%"
"08/12/2025","30,666.3","30,470.9","30,730.7","30,441.8","","0.64%"
"08/11/2025","30,470.9","30,529.8","30,628.1","30,404.1","","-0.18%"
"08/08/2025","30,525.9","30,581.1","30,620.0","30,484.3","","-0.18%"
"08/07/2025","30,581.1","30,577.0","30,674.8","30,436.9","","0.01%"
"08/06/2025","30,577.0","30,379.1","30,602.0","30,292.5","","0.63%"
"08/05/2025","30,385.7","30,288.8","30,415.9","30,221.8","","0.32%"
"08/04/2025","30,288.8","30,358.8","30,409.3","30,237.5","","-0.29%"
"08/01/2025","30,377.2","29,906.2","30,408.6","29,851.4","","1.57%"
"07/31/2025","29,907.5","29,880.0","30,045.7","29,878.7","","0.07%"
"07/30/2025","29,885.3","30,282.0","30,386.4","29,872.2","","-1.30%"
"07/29/2025","30,279.4","30,364.5","30,456.4","30,196.6","","-0.28%"
"07/28/2025","30,363.2","30,715.2","30,786.9","30,352.7","","-1.10%"
"07/25/2025","30,699.5","30,704.7","30,754.6","30,597.5","","-0.02%"
"07/24/2025","30,704.7","30,783.8","30,822.0","30,656.4","","-0.26%"
"07/23/2025","30,783.8","30,730.8","30,795.6","30,621.6","","0.17%"
"07/22/2025","30,732.1","30,589.6","30,749.1","30,520.9","","0.47%"
"07/21/2025","30,589.6","30,416.3","30,648.4","30,365.5","","0.58%"
"07/18/2025","30,413.6","30,333.8","30,535.3","30,322.1","","0.26%"
"07/17/2025","30,335.1","30,452.9","30,459.4","30,228.5","","-0.34%"
"07/16/2025","30,437.2","30,319.5","30,664.8","30,246.2","","0.38%"
"07/15/2025","30,322.1","30,480.0","30,570.2","30,298.6","","-0.50%"
"07/14/2025","30,473.5","30,443.0","30,571.7","30,423.4","","-0.18%"
"07/11/2025","30,527.9","30,556.6","30,591.8","30,431.8","","-0.09%"
"07/10/2025","30,555.3","30,627.1","30,714.6","30,454.7","","-0.27%"
"07/09/2025","30,637.5","30,644.6","30,670.8","30,555.2","","-0.02%"
"07/08/2025","30,643.3","30,614.5","30,746.8","30,532.2","","0.10%"
"07/07/2025","30,611.9","30,836.1","30,876.0","30,555.7","","-0.73%"
"07/04/2025","30,837.4","30,803.3","30,897.6","30,774.3","","0.11%"
"07/03/2025","30,802.0","30,878.0","30,988.6","30,701.2","","-0.25%"
"07/02/2025","30,879.3","30,850.4","30,893.5","30,741.9","","0.09%"
"07/01/2025","30,850.4","30,788.2","30,907.7","30,720.9","","0.20%"
"06/30/2025","30,789.5","30,569.0","30,793.5","30,538.2","","0.67%"
"06/27/2025","30,583.3","30,550.0","30,674.7","30,484.0","","0.07%"
"06/26/2025","30,561.7","30,494.1","30,680.2","30,481.0","","0.22%"
"06/25/2025","30,495.4","30,382.1","30,511.1","30,300.8","","0.37%"
"06/24/2025","30,382.1","30,349.1","30,467.1","30,275.9","","0.11%"
"06/23/2025","30,349.1","29,996.8","30,362.2","29,930.2","","0.81%"
"06/20/2025","30,106.6","30,034.1","30,162.7","30,021.1","","0.24%"
"06/19/2025","30,034.1","29,973.7","30,048.5","29,875.2","","0.22%"
"06/18/2025","29,967.1","29,942.9","30,096.3","29,914.9","","0.08%"
"06/17/2025","29,942.9","30,145.3","30,197.2","29,927.2","","-0.63%"
"06/16/2025","30,132.3","30,064.5","30,270.4","30,044.7","","0.03%"
"06/13/2025","30,123.1","30,156.6","30,242.6","29,957.6","","-0.14%"
"06/12/2025","30,164.5","29,913.7","30,286.8","29,894.2","","0.88%"
"06/11/2025","29,902.0","29,724.5","29,933.2","29,662.6","","0.61%"
"06/10/2025","29,719.3","29,743.1","29,784.8","29,612.5","","-0.09%"
"06/09/2025","29,745.7","29,700.3","29,800.7","29,652.0","","0.19%"
"06/06/2025","29,688.5","29,850.1","29,885.3","29,624.7","","-0.55%"
"06/05/2025","29,851.4","29,781.4","29,974.5","29,744.0","","0.24%"
"06/04/2025","29,781.4","29,628.5","29,828.4","29,598.4","","0.52%"
"06/03/2025","29,627.1","29,779.8","29,817.5","29,607.6","","-0.52%"
"06/02/2025","29,782.4","29,516.2","29,805.8","29,514.9","","0.86%"
"05/30/2025","29,529.2","29,578.7","29,630.8","29,435.6","","-0.22%"
"05/29/2025","29,595.6","29,335.7","29,629.5","29,112.4","","0.91%"
"05/28/2025","29,327.9","29,360.6","29,453.9","29,293.3","","-0.12%"
"05/27/2025","29,361.9","29,509.2","29,600.9","29,345.1","","-0.50%"
"05/26/2025","29,509.2","29,498.0","29,635.8","29,458.6","","0.04%"
"05/23/2025","29,496.7","29,302.8","29,524.0","29,297.6","","0.66%"
"05/22/2025","29,302.8","29,432.6","29,473.1","29,236.6","","-0.43%"
"05/21/2025","29,430.0","29,302.0","29,513.1","29,294.1","","0.44%"
"05/20/2025","29,302.0","29,159.8","29,311.0","29,106.6","","0.44%"
"05/19/2025","29,174.1","28,955.6","29,295.5","28,945.7","","0.82%"
"05/16/2025","28,937.5","29,031.4","29,102.5","28,851.9","","-0.33%"
"05/15/2025","29,032.7","28,982.0","29,127.2","28,962.9","","0.19%"
"05/14/2025","28,976.8","29,037.9","29,217.1","28,949.5","","-0.21%"
"05/13/2025","29,039.2","28,791.5","29,063.9","28,772.5","","0.85%"
"05/12/2025","28,795.3","29,144.0","29,212.3","28,736.9","","-1.46%"
"05/09/2025","29,220.6","29,151.8","29,337.5","29,092.6","","0.24%"
"05/08/2025","29,151.8","29,337.6","29,450.9","29,109.0","","-0.66%"
"05/07/2025","29,346.7","29,519.2","29,541.5","29,316.9","","-0.59%"
"05/06/2025","29,521.8","29,369.6","29,550.4","29,275.9","","0.52%"
"05/05/2025","29,369.6","29,392.2","29,513.2","29,325.5","","-0.02%"
"05/02/2025","29,375.3","29,366.2","29,596.3","29,316.7","","0.03%"
"05/01/2025","29,366.2","29,459.8","29,493.6","29,297.2","","-0.32%"
"04/30/2025","29,459.8","29,608.0","29,645.7","29,429.9","","-0.50%"
"04/29/2025","29,608.0","29,697.2","29,701.6","29,549.7","","-0.30%"
"04/28/2025","29,697.2","29,586.5","29,705.0","29,423.0","","0.42%"
"04/25/2025","29,573.4","29,645.7","29,660.0","29,459.3","","-0.24%"
"04/24/2025","29,645.7","29,413.3","29,694.4","29,409.5","","0.79%"
"04/23/2025","29,413.3","29,657.2","29,747.7","29,361.2","","-0.81%"
"04/22/2025","29,653.3","29,813.9","29,926.6","29,593.3","","-0.43%"
"04/21/2025","29,782.7","29,551.9","29,955.3","29,550.6","","0.85%"
"04/18/2025","29,531.2","29,406.4","29,580.4","29,386.4","","0.59%"
"04/17/2025","29,358.6","29,450.4","29,491.1","29,324.9","","-0.28%"
"04/16/2025","29,441.0","29,132.7","29,496.9","29,126.3","","1.19%"
"04/15/2025","29,093.7","29,315.8","29,462.5","29,083.7","","-0.73%"
"04/14/2025","29,307.7","29,075.1","29,504.9","29,064.8","","0.33%"
"04/11/2025","29,212.2","28,860.7","29,525.5","28,828.5","","1.36%"
"04/10/2025","28,821.1","28,463.0","28,963.7","28,260.4","","1.38%"
"04/09/2025","28,428.8","28,519.5","28,878.4","28,362.9","","-0.18%"
"04/08/2025","28,480.1","28,133.6","28,570.2","28,133.6","","1.31%"
"04/07/2025","28,110.5","28,111.7","28,511.6","28,078.1","","-0.47%"
"04/04/2025","28,242.0","28,519.7","28,650.4","28,183.9","","-0.90%"
"04/03/2025","28,497.9","27,822.7","28,762.3","27,693.2","","2.55%"
"04/02/2025","27,788.8","27,669.1","28,000.8","27,637.2","","0.50%"
"04/01/2025","27,651.7","27,676.6","27,785.7","27,628.1","","-0.01%"
"03/31/2025","27,653.7","27,677.3","27,742.3","27,590.9","","-0.03%"
"03/28/2025","27,663.0","27,624.8","27,736.1","27,529.9","","0.20%"
"03/27/2025","27,607.4","27,496.7","27,676.0","27,443.0","","0.48%"
"03/26/2025","27,476.7","27,646.5","27,678.1","27,472.4","","-0.54%"
"03/25/2025","27,625.0","27,695.0","27,750.3","27,619.6","","-0.16%"
"03/24/2025","27,669.6","27,675.2","27,832.2","27,633.2","","0.01%"
"03/21/2025","27,667.6","27,739.0","27,810.9","27,645.7","","-0.18%"
"03/20/2025","27,718.9","27,851.7","27,904.2","27,643.1","","-0.42%"
"03/19/2025","27,835.7","27,937.1","27,953.5","27,743.2","","-0.29%"
"03/18/2025","27,915.6","27,886.4","27,970.7","27,801.8","","0.20%"
"03/17/2025","27,859.5","27,752.7","27,904.3","27,716.8","","0.43%"
"03/14/2025","27,741.4","27,684.7","27,844.5","27,602.8","","0.29%"
"03/13/2025","27,661.8","27,720.9","27,769.1","27,605.7","","-0.14%"
"03/12/2025","27,699.4","27,812.0","27,832.9","27,686.5","","-0.31%"
"03/11/2025","27,786.3","27,656.5","27,883.3","27,618.4","","0.50%"
"03/10/2025","27,648.7","27,634.7","27,761.2","27,582.5","","0.18%"
"03/07/2025","27,599.9","27,510.0","27,773.7","27,436.6","","0.43%"
"03/06/2025","27,480.5","27,521.2","27,688.6","27,440.2","","-0.07%"
"03/05/2025","27,498.6","27,161.3","27,537.8","27,064.0","","1.34%"
"03/04/2025","27,133.7","26,842.8","27,165.2","26,785.9","","1.18%"
"03/03/2025","26,817.9","26,531.2","26,885.0","26,529.9","","1.25%"
"02/28/2025","26,487.4","26,553.9","26,630.9","26,475.0","","-0.17%"
"02/27/2025","26,533.1","26,782.7","26,805.6","26,548.7","","-0.88%"
"02/26/2025","26,768.3","26,846.2","26,896.3","26,758.4","","-0.23%"
"02/25/2025","26,829.2","26,662.0","26,861.5","26,640.2","","0.65%"
"02/24/2025","26,654.8","26,783.4","26,876.9","26,623.8","","-0.09%"
"02/21/2025","26,678.4","26,798.6","26,827.2","26,668.5","","-0.36%"
"02/20/2025","26,775.0","26,595.7","26,806.2","26,585.4","","0.70%"
"02/19/2025","26,589.2","26,659.5","26,721.5","26,542.1","","-0.17%"
"02/18/2025","26,634.8","26,717.1","26,786.3","26,603.5","","-0.24%"
"02/17/2025","26,697.7","26,631.6","26,744.6","26,613.8","","0.31%"
"02/14/2025","26,615.7","26,647.9","26,696.3","26,547.8","","-0.02%"
"02/13/2025","26,620.4","26,554.4","26,655.5","26,414.8","","0.36%"
"02/12/2025","26,526.0","26,462.0","26,664.3","26,374.1","","0.29%"
"02/11/2025","26,449.1","26,169.5","26,514.4","26,146.6","","1.12%"
"02/10/2025","26,156.6","26,130.1","26,244.4","26,018.7","","0.15%"
"02/07/2025","26,117.0","26,239.1","26,350.2","26,082.0","","-0.40%"
"02/06/2025","26,222.4","26,184.4","26,273.3","26,134.5","","0.25%"
"02/05/2025","26,155.8","26,129.3","26,288.9","26,077.0","","0.18%"
"02/04/2025","26,108.5","26,171.6","26,193.1","25,899.4","","-0.16%"
"02/03/2025","26,149.6","25,802.3","26,185.5","25,563.0","","0.70%"
"01/31/2025","25,967.2","26,059.4","26,171.0","25,957.8","","-0.27%"
"01/30/2025","26,037.3","26,134.6","26,253.7","26,048.1","","-0.29%"
"01/29/2025","26,112.5","26,159.7","26,194.8","26,038.1","","-0.08%"
"01/28/2025","26,132.6","26,315.2","26,320.2","26,118.3","","-0.60%"
"01/27/2025","26,290.4","26,298.9","26,418.0","26,217.4","","-0.02%"
"01/24/2025","26,295.5","26,176.7","26,417.2","26,123.6","","0.67%"
"01/23/2025","26,120.8","26,114.9","26,232.0","26,020.2","","0.20%"
"01/22/2025","26,069.5","26,355.3","26,366.7","26,112.4","","-1.04%"
"01/21/2025","26,343.7","26,377.2","26,424.0","26,131.7","","-0.07%"
"01/20/2025","26,363.0","26,026.5","26,424.0","26,001.2","","1.39%"
"01/17/2025","26,001.0","26,136.3","26,165.8","25,998.7","","-0.48%"
"01/16/2025","26,126.0","26,117.4","26,176.9","26,038.6","","0.07%"
"01/15/2025","26,108.3","26,172.0","26,286.2","26,042.5","","-0.19%"
"01/14/2025","26,159.2","26,022.3","26,174.6","25,994.2","","0.58%"
"01/13/2025","26,009.5","25,981.4","26,028.7","25,843.2","","0.12%"
"01/10/2025","25,978.8","26,146.5","26,168.0","25,916.7","","-0.58%"
"01/09/2025","26,131.2","26,192.2","26,201.7","26,104.7","","-0.17%"
"01/08/2025","26,176.8","26,232.6","26,295.9","26,076.7","","-0.16%"
"01/07/2025","26,219.7","26,372.4","26,476.1","26,231.3","","-0.53%"
"01/06/2025","26,359.4","26,195.4","26,490.4","26,165.7","","0.68%"
"01/03/2025","26,182.3","26,130.8","26,213.2","26,107.7","","0.23%"
"01/02/2025","26,121.9","26,385.9","26,436.9","26,029.0","","-1.00%"
"01/01/2025","26,384.5","26,385.9","26,402.5","26,377.0","","0.02%"
"12/31/2024","26,379.4","26,522.2","26,568.1","26,361.7","","-0.50%"
"12/30/2024","26,512.9","26,557.2","26,653.5","26,433.0","","-0.07%"
"12/27/2024","26,531.5","26,510.9","26,585.2","26,463.6","","0.13%"
"12/26/2024","26,497.9","26,452.3","26,528.7","26,423.7","","0.19%"
"12/25/2024","26,447.0","26,452.5","26,492.2","26,439.3","","0.05%"
"12/24/2024","26,434.4","26,480.7","26,496.0","26,414.4","","-0.14%"
"12/23/2024","26,470.3","26,536.8","26,593.0","26,426.0","","-0.25%"
"12/20/2024","26,536.6","26,386.8","26,594.1","26,329.4","","0.63%"
"12/19/2024","26,371.3","26,353.6","26,534.4","26,338.3","","0.12%"
"12/18/2024","26,340.7","26,691.7","26,760.0","26,330.7","","-1.25%"
"12/17/2024","26,673.5","26,694.0","26,755.7","26,649.8","","-0.02%"
"12/16/2024","26,679.6","26,667.6","26,735.0","26,597.5","","0.02%"
"12/13/2024","26,675.1","26,584.5","26,738.8","26,554.0","","0.36%"
"12/12/2024","26,579.9","26,648.1","26,744.5","26,573.1","","-0.19%"
"12/11/2024","26,631.2","26,703.0","26,757.3","26,607.1","","-0.23%"
"12/10/2024","26,693.9","26,787.3","26,810.7","26,629.4","","-0.29%"
"12/09/2024","26,770.4","26,818.1","26,888.8","26,726.0","","-0.17%"
"12/06/2024","26,816.3","26,879.1","26,988.2","26,764.8","","-0.19%"
"12/05/2024","26,867.3","26,708.4","26,888.0","26,654.4","","0.64%"
"12/04/2024","26,695.4","26,700.7","26,796.1","26,609.4","","0.03%"
"12/03/2024","26,687.6","26,640.8","26,765.4","26,593.6","","0.20%"
"12/02/2024","26,635.1","26,809.0","26,839.4","26,544.3","","-0.62%"
"11/29/2024","26,801.3","26,781.2","26,862.2","26,717.8","","0.15%"
"11/28/2024","26,760.3","26,823.1","26,833.2","26,693.4","","-0.17%"
"11/27/2024","26,806.2","26,655.3","26,877.6","26,611.9","","0.62%"
"11/26/2024","26,642.2","26,675.8","26,800.1","26,500.3","","-0.09%"
"11/25/2024","26,665.3","26,613.7","26,768.5","26,555.8","","0.68%"
"11/22/2024","26,484.5","26,628.8","26,689.8","26,276.8","","-0.50%"
"11/21/2024","26,617.1","26,800.5","26,838.8","26,597.0","","-0.66%"
"11/20/2024","26,795.0","26,919.1","26,956.0","26,716.6","","-0.40%"
"11/19/2024","26,903.5","26,938.6","26,942.2","26,731.0","","-0.07%"
"11/18/2024","26,921.7","26,748.4","26,959.0","26,693.3","","0.63%"
"11/15/2024","26,753.1","26,751.3","26,895.6","26,701.4","","0.07%"
"11/14/2024","26,735.7","26,774.5","26,879.6","26,661.1","","-0.08%"
"11/13/2024","26,756.1","26,929.3","27,002.6","26,754.2","","-0.60%"
"11/12/2024","26,918.7","26,984.1","27,011.9","26,858.3","","-0.17%"
"11/11/2024","26,965.3","27,078.4","27,149.1","26,922.0","","-0.40%"
"11/08/2024","27,073.7","27,408.2","27,409.4","27,011.4","","-1.15%"
"11/07/2024","27,388.1","27,235.6","27,457.6","27,193.7","","0.63%"
"11/06/2024","27,216.9","27,704.6","27,721.1","27,116.3","","-1.69%"
"11/05/2024","27,685.7","27,550.7","27,718.6","27,506.7","","0.57%"
"11/04/2024","27,529.7","27,508.7","27,635.5","27,502.4","","0.53%"
"11/01/2024","27,385.8","27,512.2","27,590.9","27,405.0","","-0.42%"
"10/31/2024","27,501.3","27,459.0","27,524.9","27,414.5","","0.22%"
"10/30/2024","27,441.4","27,381.6","27,499.5","27,338.8","","0.28%"
"10/29/2024","27,364.1","27,415.1","27,434.1","27,256.3","","-0.14%"
"10/28/2024","27,403.0","27,392.0","27,455.9","27,364.2","","0.14%"
"10/25/2024","27,365.7","27,500.6","27,524.2","27,383.1","","-0.43%"
"10/24/2024","27,484.3","27,399.6","27,506.9","27,365.3","","0.37%"
"10/23/2024","27,383.7","27,434.9","27,457.1","27,343.7","","-0.11%"
"10/22/2024","27,413.6","27,368.6","27,512.3","27,363.6","","0.25%"
"10/21/2024","27,345.7","27,331.7","27,480.0","27,326.7","","0.06%"
"10/18/2024","27,328.0","27,290.0","27,395.6","27,272.3","","0.20%"
"10/17/2024","27,272.5","27,144.1","27,395.8","27,127.9","","0.56%"
"10/16/2024","27,119.9","27,162.2","27,246.5","27,111.8","","-0.09%"
"10/15/2024","27,143.3","27,108.9","27,229.7","27,073.9","","0.17%"
"10/14/2024","27,098.0","27,135.7","27,178.4","27,057.9","","-0.12%"
"10/11/2024","27,129.2","27,163.0","27,193.1","27,118.3","","-0.08%"
"10/10/2024","27,151.6","27,167.0","27,222.7","27,079.8","","-0.04%"
"10/09/2024","27,161.5","27,281.1","27,284.8","27,160.8","","-0.39%"
"10/08/2024","27,268.8","27,280.8","27,318.3","27,232.6","","0.03%"
"10/07/2024","27,259.4","27,187.6","27,306.9","27,156.6","","0.33%"
"10/04/2024","27,171.1","27,309.7","27,338.7","27,125.6","","-0.45%"
"10/03/2024","27,293.7","27,242.5","27,352.4","27,190.2","","0.24%"
"10/02/2024","27,228.1","27,237.1","27,329.8","27,211.5","","0.02%"
"10/01/2024","27,221.8","27,353.1","27,396.4","27,181.8","","-0.43%"
"09/30/2024","27,339.5","27,462.3","27,534.9","27,300.3","","-0.40%"
"09/27/2024","27,449.8","27,522.1","27,570.6","27,376.1","","-0.22%"
"09/26/2024","27,509.7","27,381.6","27,554.1","27,350.3","","0.54%"
"09/25/2024","27,362.5","27,507.2","27,580.8","27,353.3","","-0.47%"
"09/24/2024","27,491.6","27,359.0","27,510.8","27,310.2","","0.51%"
"09/23/2024","27,352.2","27,465.3","27,523.6","27,280.8","","-0.35%"
"09/20/2024","27,447.4","27,436.2","27,512.9","27,377.5","","0.11%"
"09/19/2024","27,417.0","27,379.3","27,496.1","27,255.0","","0.24%"
"09/18/2024","27,350.3","27,380.6","27,554.1","27,323.9","","-0.04%"
"09/17/2024","27,360.2","27,325.9","27,452.9","27,298.9","","0.20%"
"09/16/2024","27,306.8","27,191.0","27,337.0","27,181.1","","0.51%"
"09/13/2024","27,169.4","27,227.0","27,275.5","27,171.6","","-0.17%"
"09/12/2024","27,214.4","27,051.0","27,230.7","27,003.5","","0.67%"
"09/11/2024","27,032.0","27,183.9","27,238.7","27,026.4","","-0.52%"
"09/10/2024","27,172.8","27,250.9","27,269.2","27,168.3","","-0.22%"
"09/09/2024","27,231.9","27,277.1","27,333.8","27,247.2","","-0.12%"
"09/06/2024","27,264.2","27,486.1","27,504.4","27,236.5","","-0.77%"
"09/05/2024","27,475.0","27,550.8","27,563.3","27,398.0","","-0.24%"
"09/04/2024","27,541.0","27,470.7","27,583.1","27,447.7","","0.32%"
"09/03/2024","27,452.9","27,534.1","27,545.3","27,427.2","","-0.25%"
"09/02/2024","27,522.5","27,479.4","27,556.5","27,465.7","","0.22%"
"08/30/2024","27,462.8","27,558.3","27,595.4","27,472.0","","-0.31%"
"08/29/2024","27,548.5","27,647.4","27,722.3","27,504.8","","-0.33%"
"08/28/2024","27,638.8","27,769.9","27,789.7","27,612.6","","-0.43%"
"08/27/2024","27,758.7","27,760.2","27,787.6","27,686.7","","0.04%"
"08/26/2024","27,746.3","27,944.8","27,979.8","27,734.1","","-0.68%"
"08/23/2024","27,935.8","27,750.7","27,976.1","27,725.5","","0.72%"
"08/22/2024","27,735.6","27,808.1","27,841.6","27,712.0","","-0.21%"
"08/21/2024","27,794.5","27,736.5","27,866.7","27,681.6","","0.23%"
"08/20/2024","27,730.4","27,683.3","27,742.8","27,594.6","","0.22%"
"08/19/2024","27,668.2","27,626.1","27,685.8","27,544.7","","0.16%"
"08/16/2024","27,625.1","27,480.6","27,641.2","27,474.9","","0.58%"
"08/15/2024","27,465.9","27,568.5","27,628.3","27,421.8","","-0.31%"
"08/14/2024","27,552.0","27,619.9","27,657.4","27,549.8","","-0.19%"
"08/13/2024","27,603.9","27,470.9","27,636.2","27,416.3","","0.53%"
"08/12/2024","27,458.7","27,402.1","27,491.0","27,370.8","","0.26%"
"08/09/2024","27,388.2","27,453.5","27,486.0","27,387.0","","-0.20%"
"08/08/2024","27,442.4","27,485.2","27,524.1","27,361.7","","-0.11%"
"08/07/2024","27,471.8","27,481.8","27,521.7","27,399.6","","0.02%"
"08/06/2024","27,467.1","27,489.3","27,550.3","27,409.7","","0.00%"
"08/05/2024","27,467.6","27,543.8","27,628.6","27,324.9","","-0.11%"
"08/02/2024","27,498.7","27,215.3","27,553.9","27,185.6","","1.06%"
"08/01/2024","27,209.5","27,334.2","27,360.2","27,185.2","","-0.39%"
"07/31/2024","27,316.9","27,347.0","27,423.5","27,268.0","","-0.07%"
"07/30/2024","27,334.9","27,360.9","27,401.4","27,300.2","","-0.04%"
"07/29/2024","27,345.0","27,502.2","27,526.1","27,314.1","","-0.44%"
"07/26/2024","27,465.7","27,437.5","27,520.9","27,426.1","","0.17%"
"07/25/2024","27,419.1","27,491.5","27,520.6","27,393.2","","-0.20%"
"07/24/2024","27,474.3","27,528.6","27,566.4","27,463.7","","-0.16%"
"07/23/2024","27,517.8","27,594.9","27,630.8","27,504.5","","-0.22%"
"07/22/2024","27,578.9","27,556.1","27,615.3","27,544.2","","0.16%"
"07/19/2024","27,535.1","27,585.9","27,631.7","27,537.0","","-0.15%"
"07/18/2024","27,575.3","27,700.5","27,751.4","27,578.4","","-0.40%"
"07/17/2024","27,687.0","27,661.7","27,727.1","27,625.8","","0.13%"
"07/16/2024","27,651.1","27,640.6","27,700.9","27,590.6","","0.09%"
"07/15/2024","27,627.2","27,671.9","27,711.7","27,634.3","","-0.31%"
"07/12/2024","27,712.2","27,633.9","27,732.8","27,608.7","","0.30%"
"07/11/2024","27,629.7","27,528.4","27,719.1","27,518.3","","0.38%"
"07/10/2024","27,524.4","27,485.8","27,531.0","27,476.2","","0.17%"
"07/09/2024","27,476.5","27,527.3","27,560.0","27,464.2","","-0.10%"
"07/08/2024","27,504.1","27,472.0","27,571.3","27,454.2","","-0.12%"
"07/05/2024","27,536.4","27,521.9","27,560.9","27,465.2","","0.08%"
"07/04/2024","27,514.0","27,459.6","27,528.3","27,442.2","","0.24%"
"07/03/2024","27,447.8","27,346.3","27,535.9","27,324.5","","0.38%"
"07/02/2024","27,343.5","27,342.3","27,359.0","27,258.7","","0.06%"
"07/01/2024","27,328.2","27,311.9","27,424.8","27,287.6","","0.25%"
"06/28/2024","27,259.2","27,247.2","27,301.8","27,185.4","","0.06%"
"06/27/2024","27,241.9","27,198.2","27,309.5","27,189.1","","0.18%"
"06/26/2024","27,194.1","27,276.6","27,289.7","27,161.3","","-0.28%"
"06/25/2024","27,269.9","27,327.2","27,353.3","27,218.0","","-0.18%"
"06/24/2024","27,318.3","27,209.0","27,360.3","27,190.4","","0.40%"
"06/21/2024","27,208.6","27,241.9","27,288.3","27,156.2","","-0.08%"
"06/20/2024","27,231.5","27,346.2","27,360.2","27,240.7","","-0.40%"
"06/19/2024","27,340.9","27,336.0","27,371.6","27,295.3","","0.07%"
"06/18/2024","27,322.8","27,324.7","27,393.3","27,257.1","","0.02%"
"06/17/2024","27,318.0","27,241.9","27,334.9","27,177.1","","0.32%"
"06/14/2024","27,231.5","27,317.6","27,348.7","27,154.1","","-0.27%"
"06/13/2024","27,304.5","27,500.8","27,522.2","27,306.2","","-0.67%"
"06/12/2024","27,487.6","27,325.3","27,612.7","27,294.4","","0.62%"
"06/11/2024","27,317.2","27,367.3","27,402.8","27,271.8","","-0.14%"
"06/10/2024","27,354.2","27,435.2","27,436.4","27,283.4","","-0.28%"
"06/07/2024","27,432.0","27,690.6","27,718.0","27,440.3","","-0.89%"
"06/06/2024","27,677.3","27,631.7","27,722.3","27,618.1","","0.21%"
"06/05/2024","27,618.5","27,650.3","27,691.5","27,592.3","","-0.08%"
"06/04/2024","27,641.0","27,736.9","27,769.9","27,598.2","","-0.31%"
"06/03/2024","27,726.0","27,615.8","27,742.0","27,539.4","","0.53%"
"05/31/2024","27,579.5","27,578.1","27,697.2","27,520.8","","0.04%"
"05/30/2024","27,567.4","27,499.2","27,609.9","27,460.7","","0.30%"
"05/29/2024","27,486.0","27,634.3","27,647.0","27,492.8","","-0.50%"
"05/28/2024","27,623.8","27,638.9","27,717.0","27,623.6","","-0.02%"
"05/27/2024","27,628.2","27,644.9","27,661.2","27,591.8","","0.04%"
"05/24/2024","27,616.8","27,544.0","27,657.7","27,516.2","","0.28%"
"05/23/2024","27,539.6","27,560.8","27,665.0","27,518.5","","-0.05%"
"05/22/2024","27,554.6","27,636.5","27,667.0","27,545.5","","-0.27%"
"05/21/2024","27,630.3","27,641.6","27,691.2","27,602.9","","0.01%"
"05/20/2024","27,628.2","27,652.9","27,709.6","27,627.6","","-0.12%"
"05/17/2024","27,662.0","27,644.7","27,687.2","27,574.0","","0.11%"
"05/16/2024","27,630.8","27,705.1","27,731.8","27,614.2","","-0.21%"
"05/15/2024","27,689.3","27,542.5","27,708.9","27,525.9","","0.57%"
"05/14/2024","27,531.8","27,459.2","27,561.6","27,408.8","","0.27%"
"05/13/2024","27,458.7","27,423.9","27,508.9","27,390.9","","0.19%"
"05/10/2024","27,407.1","27,437.5","27,467.2","27,388.3","","-0.07%"
"05/09/2024","27,426.9","27,332.3","27,446.4","27,286.9","","0.38%"
"05/08/2024","27,321.7","27,325.9","27,360.3","27,273.0","","0.03%"
"05/07/2024","27,312.6","27,334.3","27,412.3","27,308.2","","-0.02%"
"05/06/2024","27,318.4","27,351.6","27,388.8","27,295.0","","-0.03%"
"05/03/2024","27,325.3","27,248.1","27,481.2","27,240.4","","0.36%"
"05/02/2024","27,228.2","27,147.0","27,262.1","27,117.3","","0.37%"
"05/01/2024","27,128.4","27,031.7","27,204.1","26,989.9","","0.43%"
"04/30/2024","27,011.9","27,180.0","27,210.4","27,027.9","","-0.51%"
"04/29/2024","27,151.2","27,106.5","27,206.6","27,092.5","","0.25%"
"04/26/2024","27,082.8","27,216.4","27,250.6","27,052.0","","-0.42%"
"04/25/2024","27,198.0","27,196.9","27,239.2","27,079.4","","0.08%"
"04/24/2024","27,175.7","27,228.7","27,267.1","27,134.1","","-0.16%"
"04/23/2024","27,218.3","27,127.6","27,258.0","27,079.0","","0.38%"
"04/22/2024","27,114.7","27,114.2","27,162.5","27,046.2","","0.04%"
"04/19/2024","27,103.8","27,042.4","27,171.4","26,963.6","","0.26%"
"04/18/2024","27,033.2","27,114.8","27,159.2","27,033.5","","-0.26%"
"04/17/2024","27,104.3","26,856.7","27,132.5","26,837.8","","0.99%"
"04/16/2024","26,839.8","26,767.2","26,945.2","26,720.6","","0.35%"
"04/15/2024","26,746.2","26,619.1","26,873.0","26,602.1","","0.47%"
"04/12/2024","26,621.0","26,805.5","26,815.5","26,581.6","","-0.63%"
"04/11/2024","26,788.6","26,800.9","26,886.4","26,735.6","","0.03%"
"04/10/2024","26,780.2","27,093.6","27,110.4","26,762.2","","-1.10%"
"04/09/2024","27,077.8","27,106.8","27,166.0","27,068.4","","-0.08%"
"04/08/2024","27,099.1","27,069.6","27,116.8","26,997.9","","0.24%"
"04/05/2024","27,033.3","27,035.8","27,092.9","26,939.7","","0.06%"
"04/04/2024","27,017.1","27,093.3","27,139.4","27,024.6","","-0.26%"
"04/03/2024","27,087.5","26,838.4","27,104.6","26,822.2","","1.03%"
"04/02/2024","26,812.3","26,649.3","26,857.1","26,614.1","","0.66%"
"04/01/2024","26,637.3","26,767.7","26,796.3","26,617.0","","-0.51%"
"03/29/2024","26,772.5","26,753.8","26,812.4","26,704.8","","0.12%"
"03/28/2024","26,741.0","26,846.8","26,865.8","26,704.2","","-0.34%"
"03/27/2024","26,832.2","26,840.5","26,876.5","26,803.4","","0.02%"
"03/26/2024","26,825.9","26,822.8","26,923.5","26,814.2","","0.07%"
"03/25/2024","26,808.3","26,771.4","26,840.1","26,755.3","","0.17%"
"03/22/2024","26,761.8","26,921.9","26,950.4","26,753.0","","-0.57%"
"03/21/2024","26,916.5","27,074.4","27,124.0","26,909.5","","-0.49%"
"03/20/2024","27,049.3","26,888.4","27,079.4","26,840.8","","0.63%"
"03/19/2024","26,880.0","26,883.5","26,899.5","26,776.2","","0.05%"
"03/18/2024","26,867.7","26,927.5","26,966.3","26,863.7","","-0.13%"
"03/15/2024","26,901.8","26,881.0","26,962.4","26,860.0","","0.14%"
"03/14/2024","26,865.2","27,018.4","27,044.6","26,873.6","","-0.52%"
"03/13/2024","27,006.8","26,935.3","27,060.4","26,916.6","","0.30%"
"03/12/2024","26,927.1","26,927.4","27,002.4","26,874.9","","0.04%"
"03/11/2024","26,916.2","26,982.4","26,995.8","26,900.3","","-0.12%"
"03/08/2024","26,948.8","27,030.6","27,074.9","26,920.8","","-0.24%"
"03/07/2024","27,014.7","26,893.8","27,035.6","26,831.9","","0.51%"
"03/06/2024","26,877.4","26,824.4","26,940.7","26,777.7","","0.29%"
"03/05/2024","26,801.0","26,799.1","26,868.9","26,753.3","","0.07%"
"03/04/2024","26,783.3","26,732.2","26,827.5","26,721.1","","0.30%"
"03/01/2024","26,702.4","26,630.6","26,735.9","26,620.8","","0.31%"
"02/29/2024","26,618.6","26,689.1","26,762.5","26,609.7","","-0.22%"
"02/28/2024","26,678.2","26,714.2","26,728.5","26,601.3","","-0.09%"
"02/27/2024","26,703.3","26,764.5","26,787.2","26,684.6","","-0.19%"
"02/26/2024","26,753.6","26,675.3","26,792.9","26,642.0","","0.41%"
"02/23/2024","26,644.7","26,629.8","26,711.0","26,608.8","","0.12%"
"02/22/2024","26,613.8","26,537.1","26,797.8","26,537.1","","0.32%"
"02/21/2024","26,528.7","26,515.0","26,559.1","26,469.3","","0.13%"
"02/20/2024","26,494.4","26,449.0","26,594.7","26,401.6","","0.22%"
"02/19/2024","26,436.0","26,434.8","26,478.7","26,401.4","","0.11%"
"02/16/2024","26,407.1","26,346.1","26,463.0","26,285.9","","0.27%"
"02/15/2024","26,335.1","26,200.7","26,384.0","26,172.7","","0.62%"
"02/14/2024","26,173.9","26,158.0","26,221.5","26,121.3","","0.19%"
"02/13/2024","26,125.1","26,308.2","26,369.2","26,134.8","","-0.58%"
"02/12/2024","26,278.8","26,332.6","26,394.9","26,270.3","","-0.11%"
"02/09/2024","26,308.1","26,327.7","26,368.0","26,285.0","","0.06%"
"02/08/2024","26,293.4","26,310.6","26,353.4","26,234.9","","0.05%"
"02/07/2024","26,281.2","26,209.9","26,353.7","26,203.8","","0.34%"
"02/06/2024","26,191.4","26,194.1","26,218.0","26,130.7","","0.06%"
"02/05/2024","26,175.8","26,259.0","26,323.0","26,144.1","","-0.26%"
"02/02/2024","26,242.9","26,539.8","26,565.6","26,249.3","","-1.06%"
"02/01/2024","26,522.8","26,413.2","26,548.3","26,311.7","","0.44%"
"01/31/2024","26,407.3","26,472.7","26,595.2","26,365.6","","-0.18%"
"01/30/2024","26,453.9","26,584.2","26,610.0","26,394.2","","-0.45%"
"01/29/2024","26,573.3","26,690.3","26,706.3","26,492.2","","-0.44%"
"01/26/2024","26,690.5","26,687.3","26,783.8","26,615.0","","0.01%"
"01/25/2024","26,686.6","26,788.0","26,835.0","26,634.4","","-0.32%"
"01/24/2024","26,772.2","26,673.7","26,906.1","26,650.3","","0.44%"
"01/23/2024","26,655.5","26,734.1","26,810.9","26,593.8","","-0.21%"
"01/22/2024","26,712.9","26,738.6","26,780.8","26,718.7","","-0.11%"
"01/19/2024","26,741.2","26,710.2","26,755.8","26,674.8","","0.19%"
"01/18/2024","26,690.2","26,704.4","26,793.0","26,637.8","","0.00%"
"01/17/2024","26,691.1","26,663.1","26,722.9","26,611.2","","0.19%"
"01/16/2024","26,641.3","26,805.6","26,810.5","26,632.4","","-0.55%"
"01/15/2024","26,789.8","26,844.0","26,859.4","26,764.0","","-0.09%"
"01/12/2024","26,814.1","26,874.1","26,948.0","26,796.2","","-0.13%"
"01/11/2024","26,849.1","26,796.1","26,918.2","26,766.3","","0.28%"
"01/10/2024","26,774.7","26,640.1","26,797.3","26,611.5","","0.57%"
"01/09/2024","26,623.0","26,662.6","26,741.5","26,587.7","","-0.06%"
"01/08/2024","26,638.9","26,686.3","26,729.6","26,586.9","","-0.09%"
"01/05/2024","26,663.2","26,677.8","26,816.8","26,516.9","","0.02%"
"01/04/2024","26,657.2","26,632.1","26,763.2","26,595.6","","0.16%"
"01/03/2024","26,614.5","26,644.4","26,732.4","26,561.4","","0.01%"
"01/02/2024","26,611.6","26,805.0","26,864.9","26,616.4","","-0.68%"
"01/01/2024","26,792.7","26,803.8","26,812.3","26,784.4","","0.07%"
"12/29/2023","26,773.3","26,822.9","26,901.6","26,778.3","","-0.11%"
"12/28/2023","26,801.5","27,056.7","27,101.0","26,807.2","","-0.85%"
"12/27/2023","27,030.3","26,873.1","27,096.8","26,837.7","","0.64%"
"12/26/2023","26,859.7","26,693.7","26,879.2","26,688.3","","0.71%"
"12/25/2023","26,670.0","26,716.2","26,723.5","26,608.9","","-0.05%"
"12/22/2023","26,682.7","26,787.3","26,795.8","26,652.8","","-0.33%"
"12/21/2023","26,771.5","26,635.9","26,795.8","26,606.9","","0.58%"
"12/20/2023","26,617.6","26,745.8","26,757.9","26,607.9","","-0.44%"
"12/19/2023","26,736.3","26,610.9","26,764.0","26,565.9","","0.53%"
"12/18/2023","26,595.1","26,467.0","26,629.1","26,433.1","","0.63%"
"12/15/2023","26,428.8","26,663.2","26,702.4","26,431.8","","-0.82%"
"12/14/2023","26,647.7","26,403.2","26,700.8","26,375.5","","0.94%"
"12/13/2023","26,398.6","26,194.6","26,460.2","26,156.7","","0.83%"
"12/12/2023","26,181.4","26,108.3","26,282.0","26,097.4","","0.31%"
"12/11/2023","26,100.3","26,076.3","26,150.5","26,031.5","","0.14%"
"12/08/2023","26,063.1","26,213.0","26,228.7","25,981.8","","-0.51%"
"12/07/2023","26,197.6","26,146.1","26,268.8","26,110.5","","0.28%"
"12/06/2023","26,123.7","26,203.0","26,238.1","26,120.6","","-0.27%"
"12/05/2023","26,195.2","26,282.7","26,334.1","26,158.1","","-0.31%"
"12/04/2023","26,277.3","26,455.4","26,476.1","26,203.9","","-0.59%"
"12/01/2023","26,432.4","26,414.3","26,527.7","26,313.3","","0.14%"
"11/30/2023","26,396.1","26,626.6","26,660.6","26,391.2","","-0.80%"
"11/29/2023","26,608.4","26,644.6","26,707.6","26,595.3","","-0.08%"
"11/28/2023","26,628.8","26,552.5","26,687.0","26,518.8","","0.34%"
"11/27/2023","26,539.1","26,549.6","26,590.8","26,481.0","","0.00%"
"11/24/2023","26,538.0","26,441.9","26,578.7","26,378.0","","0.40%"
"11/23/2023","26,431.3","26,365.3","26,498.0","26,347.1","","0.30%"
"11/22/2023","26,352.0","26,339.2","26,440.4","26,276.9","","0.11%"
"11/21/2023","26,323.4","26,452.9","26,508.5","26,311.4","","-0.43%"
"11/20/2023","26,437.2","26,480.4","26,488.7","26,373.8","","-0.05%"
"11/17/2023","26,449.5","26,360.1","26,490.1","26,254.8","","0.37%"
"11/16/2023","26,352.5","26,355.5","26,468.1","26,294.1","","0.03%"
"11/15/2023","26,344.9","26,512.1","26,531.8","26,316.6","","-0.57%"
"11/14/2023","26,495.8","26,089.5","26,535.3","26,045.0","","1.59%"
"11/13/2023","26,080.1","25,988.8","26,107.8","25,980.3","","0.42%"
"11/10/2023","25,970.8","25,975.4","26,028.1","25,900.6","","0.04%"
"11/09/2023","25,961.0","26,103.7","26,138.0","25,955.9","","-0.51%"
"11/08/2023","26,093.0","26,025.3","26,128.0","25,969.7","","0.32%"
"11/07/2023","26,009.3","26,090.5","26,120.0","25,943.6","","-0.27%"
"11/06/2023","26,079.8","26,323.6","26,366.8","26,088.1","","-0.87%"
"11/03/2023","26,307.5","26,108.7","26,369.0","26,087.8","","0.82%"
"11/02/2023","26,093.3","25,991.8","26,220.5","25,984.4","","0.43%"
"11/01/2023","25,981.4","25,977.7","26,011.5","25,862.7","","0.03%"
"10/31/2023","25,974.7","26,081.4","26,227.0","25,932.2","","-0.34%"
"10/30/2023","26,063.4","25,971.2","26,106.0","25,912.8","","0.41%"
"10/27/2023","25,955.8","25,978.0","26,049.9","25,895.0","","-0.04%"
"10/26/2023","25,967.0","25,975.8","25,996.4","25,889.4","","0.09%"
"10/25/2023","25,942.7","26,011.5","26,069.4","25,958.2","","-0.20%"
"10/24/2023","25,993.5","26,245.7","26,286.1","25,989.4","","-0.91%"
"10/23/2023","26,232.6","25,997.7","26,269.1","25,910.0","","1.00%"
"10/20/2023","25,974.0","25,992.2","26,023.4","25,885.2","","-0.01%"
"10/19/2023","25,976.4","25,884.5","26,081.9","25,802.7","","0.42%"
"10/18/2023","25,868.7","25,908.8","26,014.1","25,853.8","","-0.11%"
"10/17/2023","25,898.2","25,846.8","25,959.0","25,794.3","","0.28%"
"10/16/2023","25,824.9","25,694.9","25,854.2","25,694.9","","0.55%"
"10/13/2023","25,684.0","25,734.5","25,822.1","25,665.5","","-0.14%"
"10/12/2023","25,720.3","25,970.8","26,024.2","25,729.6","","-0.88%"
"10/11/2023","25,947.9","25,881.5","26,003.8","25,860.5","","0.34%"
"10/10/2023","25,860.7","25,767.6","25,919.3","25,744.7","","0.44%"
"10/09/2023","25,746.9","25,757.9","25,790.0","25,643.2","","-0.16%"
"10/06/2023","25,787.5","25,742.0","25,849.3","25,561.6","","0.28%"
"10/05/2023","25,716.0","25,678.7","25,748.1","25,611.8","","0.26%"
"10/04/2023","25,648.3","25,541.6","25,738.6","25,492.9","","0.51%"
"10/03/2023","25,518.9","25,518.0","25,601.5","25,483.9","","0.08%"
"10/02/2023","25,498.6","25,685.5","25,783.0","25,515.5","","-0.64%"
"09/29/2023","25,664.0","25,781.0","25,826.6","25,674.6","","-0.33%"
"09/28/2023","25,748.1","25,626.1","25,814.0","25,599.4","","0.56%"
"09/27/2023","25,604.3","25,772.5","25,829.0","25,589.5","","-0.64%"
"09/26/2023","25,769.7","25,841.6","25,885.2","25,754.2","","-0.19%"
"09/25/2023","25,818.4","25,968.9","25,987.1","25,795.3","","-0.50%"
"09/22/2023","25,948.3","25,930.5","26,011.6","25,826.5","","0.15%"
"09/21/2023","25,909.6","25,893.1","25,966.9","25,785.6","","0.16%"
"09/20/2023","25,869.4","26,048.1","26,082.6","25,867.6","","-0.58%"
"09/19/2023","26,019.8","26,060.3","26,137.1","26,028.3","","-0.12%"
"09/18/2023","26,051.5","25,873.8","26,090.7","25,862.8","","0.82%"
"09/15/2023","25,838.4","25,778.3","25,936.9","25,762.6","","0.26%"
"09/14/2023","25,772.5","25,926.6","26,044.7","25,758.9","","-0.54%"
"09/13/2023","25,913.5","25,933.3","26,006.4","25,884.3","","0.00%"
"09/12/2023","25,914.7","25,893.8","25,961.0","25,812.4","","0.15%"
"09/11/2023","25,875.8","25,778.8","25,915.5","25,759.6","","0.54%"
"09/08/2023","25,736.4","25,757.3","25,864.3","25,725.9","","0.00%"
"09/07/2023","25,737.0","25,810.4","25,849.5","25,721.2","","-0.25%"
"09/06/2023","25,801.4","25,802.5","25,900.1","25,743.0","","0.01%"
"09/05/2023","25,798.4","26,002.2","26,024.3","25,765.2","","-0.63%"
"09/04/2023","25,963.2","25,957.6","26,034.7","25,943.2","","0.17%"
"09/01/2023","25,919.8","26,108.1","26,210.5","25,942.0","","-0.63%"
"08/31/2023","26,083.4","26,364.4","26,399.4","26,094.9","","-0.97%"
"08/30/2023","26,337.8","26,317.5","26,413.9","26,207.9","","0.13%"
"08/29/2023","26,303.0","26,056.3","26,349.0","26,053.9","","0.98%"
"08/28/2023","26,047.3","25,959.1","26,078.0","25,888.8","","0.39%"
"08/25/2023","25,945.9","25,954.8","26,058.9","25,857.5","","0.04%"
"08/24/2023","25,936.2","26,065.8","26,098.2","25,941.6","","-0.42%"
"08/23/2023","26,045.3","25,964.7","26,100.1","25,917.6","","0.41%"
"08/22/2023","25,938.8","25,944.4","26,153.6","25,927.6","","0.05%"
"08/21/2023","25,926.0","25,911.4","25,995.6","25,831.3","","0.22%"
"08/18/2023","25,868.9","25,946.0","26,005.8","25,831.6","","-0.23%"
"08/17/2023","25,927.3","26,042.6","26,066.5","25,906.7","","-0.43%"
"08/16/2023","26,038.9","26,149.5","26,229.9","26,030.6","","-0.35%"
"08/15/2023","26,131.4","25,983.6","26,261.0","25,968.1","","0.63%"
"08/14/2023","25,967.9","26,024.3","26,105.7","25,907.3","","-0.09%"
"08/11/2023","25,992.0","26,077.1","26,149.1","25,999.4","","-0.28%"
"08/10/2023","26,064.2","26,060.1","26,277.8","26,030.0","","0.08%"
"08/09/2023","26,044.4","26,009.5","26,110.0","25,969.8","","0.19%"
"08/08/2023","25,993.8","26,108.9","26,137.0","25,944.3","","-0.41%"
"08/07/2023","26,101.5","26,151.2","26,153.6","25,989.4","","-0.08%"
"08/04/2023","26,121.2","26,007.7","26,209.4","25,910.8","","0.50%"
"08/03/2023","25,992.0","25,962.9","26,049.3","25,925.2","","0.14%"
"08/02/2023","25,956.6","26,018.7","26,109.4","25,915.4","","-0.19%"
"08/01/2023","26,005.4","26,044.4","26,065.7","25,944.1","","-0.13%"
"07/31/2023","26,038.5","26,119.0","26,167.6","26,039.7","","-0.19%"
"07/28/2023","26,089.0","25,981.6","26,178.2","25,932.2","","0.48%"
"07/27/2023","25,963.2","26,234.3","26,389.9","25,952.1","","-1.01%"
"07/26/2023","26,227.9","26,156.9","26,297.0","26,120.2","","0.31%"
"07/25/2023","26,145.9","26,196.4","26,285.6","26,080.0","","-0.12%"
"07/24/2023","26,178.2","26,323.7","26,377.8","26,183.4","","-0.49%"
"07/21/2023","26,307.8","26,333.4","26,370.8","26,277.6","","-0.02%"
"07/20/2023","26,314.4","26,476.8","26,611.1","26,298.0","","-0.55%"
"07/19/2023","26,460.9","26,543.4","26,576.3","26,415.3","","-0.27%"
"07/18/2023","26,532.7","26,561.9","26,667.1","26,499.7","","-0.08%"
"07/17/2023","26,553.0","26,562.3","26,598.8","26,483.9","","0.09%"
"07/14/2023","26,529.4","26,578.7","26,598.0","26,490.7","","-0.12%"
"07/13/2023","26,561.6","26,349.9","26,583.5","26,317.1","","0.88%"
"07/12/2023","26,328.8","26,090.1","26,373.5","26,070.5","","0.98%"
"07/11/2023","26,073.2","26,018.9","26,109.2","26,004.8","","0.28%"
"07/10/2023","26,001.6","25,946.4","26,023.7","25,855.9","","0.31%"
"07/07/2023","25,920.5","25,825.2","25,954.7","25,711.8","","0.42%"
"07/06/2023","25,813.1","25,793.2","25,857.2","25,697.1","","0.18%"
"07/05/2023","25,765.7","25,792.9","25,913.1","25,775.4","","-0.05%"
"07/04/2023","25,778.5","25,872.4","25,885.4","25,781.1","","-0.28%"
"07/03/2023","25,851.3","25,732.4","25,925.7","25,652.6","","0.51%"
"06/30/2023","25,720.3","25,608.1","25,784.3","25,547.8","","0.45%"
"06/29/2023","25,605.4","25,713.8","25,791.9","25,597.5","","-0.37%"
"06/28/2023","25,700.9","25,791.2","25,831.6","25,674.9","","-0.29%"
"06/27/2023","25,775.6","25,682.1","25,830.1","25,663.3","","0.46%"
"06/26/2023","25,657.1","25,634.0","25,708.0","25,613.7","","0.20%"
"06/23/2023","25,605.5","25,776.3","25,782.2","25,508.7","","-0.61%"
"06/22/2023","25,763.0","25,829.3","25,905.7","25,755.2","","-0.21%"
"06/21/2023","25,817.9","25,687.3","25,841.0","25,644.7","","0.57%"
"06/20/2023","25,672.1","25,699.1","25,752.8","25,626.2","","-0.05%"
"06/19/2023","25,686.2","25,746.5","25,758.3","25,659.8","","-0.15%"
"06/16/2023","25,723.8","25,757.9","25,814.8","25,688.9","","-0.08%"
"06/15/2023","25,743.4","25,458.6","25,779.1","25,383.7","","1.14%"
"06/14/2023","25,452.8","25,363.9","25,539.7","25,325.3","","0.39%"
"06/13/2023","25,353.4","25,260.8","25,440.3","25,259.6","","0.38%"
"06/12/2023","25,257.4","25,243.3","25,345.4","25,196.6","","0.14%"
"06/09/2023","25,223.2","25,332.3","25,342.9","25,223.4","","-0.40%"
"06/08/2023","25,324.6","25,128.2","25,345.2","25,120.0","","0.81%"
"06/07/2023","25,121.9","25,116.7","25,225.7","25,052.6","","0.04%"
"06/06/2023","25,112.5","25,177.9","25,207.6","25,055.6","","-0.22%"
"06/05/2023","25,167.8","25,154.5","25,200.2","25,083.9","","0.14%"
"06/02/2023","25,132.3","25,278.5","25,308.9","25,136.8","","-0.54%"
"06/01/2023","25,269.9","25,113.5","25,292.6","25,039.0","","0.67%"
"05/31/2023","25,100.8","25,213.5","25,215.8","24,983.1","","-0.40%"
"05/30/2023","25,201.1","25,133.2","25,240.5","25,070.7","","0.33%"
"05/29/2023","25,119.3","25,187.3","25,217.3","25,127.3","","-0.22%"
"05/26/2023","25,174.6","25,169.9","25,266.0","25,128.6","","0.07%"
"05/25/2023","25,157.5","25,235.6","25,253.2","25,134.7","","-0.27%"
"05/24/2023","25,225.6","25,292.7","25,357.7","25,226.5","","-0.20%"
"05/23/2023","25,277.2","25,346.6","25,371.7","25,263.3","","-0.24%"
"05/22/2023","25,338.8","25,380.5","25,419.2","25,305.6","","-0.01%"
"05/19/2023","25,341.5","25,266.1","25,416.8","25,225.6","","0.35%"
"05/18/2023","25,253.3","25,425.2","25,445.2","25,245.0","","-0.65%"
"05/17/2023","25,417.5","25,474.1","25,504.0","25,353.7","","-0.20%"
"05/16/2023","25,469.1","25,509.3","25,573.4","25,456.5","","-0.14%"
"05/15/2023","25,503.5","25,468.2","25,550.4","25,441.2","","0.26%"
"05/12/2023","25,438.6","25,613.1","25,654.8","25,448.2","","-0.68%"
"05/11/2023","25,612.1","25,775.2","25,816.2","25,577.9","","-0.59%"
"05/10/2023","25,764.6","25,722.7","25,837.4","25,681.3","","0.20%"
"05/09/2023","25,712.2","25,808.0","25,809.1","25,674.6","","-0.33%"
"05/08/2023","25,796.7","25,869.6","25,920.6","25,792.7","","-0.11%"
"05/05/2023","25,826.2","25,825.9","25,909.3","25,713.7","","0.04%"
"05/04/2023","25,815.3","25,952.3","26,021.1","25,763.7","","-0.46%"
"05/03/2023","25,933.4","25,810.3","26,028.6","25,810.3","","0.54%"
"05/02/2023","25,795.0","25,748.2","25,832.6","25,674.2","","0.23%"
"05/01/2023","25,736.4","25,894.8","25,900.7","25,725.9","","-0.41%"
"04/28/2023","25,841.9","25,868.5","25,918.3","25,722.3","","-0.04%"
"04/27/2023","25,852.8","25,921.1","25,969.3","25,781.7","","-0.20%"
"04/26/2023","25,905.4","25,756.2","26,047.9","25,744.5","","0.59%"
"04/25/2023","25,754.6","25,953.1","26,003.6","25,736.3","","-0.71%"
"04/24/2023","25,939.7","25,823.4","25,964.9","25,747.5","","0.53%"
"04/21/2023","25,803.0","25,768.5","25,831.6","25,696.1","","0.17%"
"04/20/2023","25,759.3","25,760.3","25,845.7","25,680.4","","0.02%"
"04/19/2023","25,753.9","25,800.7","25,830.1","25,628.3","","-0.13%"
"04/18/2023","25,787.3","25,660.5","25,823.1","25,654.6","","0.50%"
"04/17/2023","25,659.7","25,768.8","25,832.5","25,624.1","","-0.47%"
"04/14/2023","25,781.7","25,890.3","25,970.8","25,726.6","","-0.38%"
"04/13/2023","25,880.1","25,772.9","25,950.1","25,732.2","","0.46%"
"04/12/2023","25,760.4","25,586.3","25,794.0","25,585.1","","0.70%"
"04/11/2023","25,580.8","25,471.0","25,627.3","25,456.9","","0.50%"
"04/10/2023","25,453.5","25,559.6","25,598.3","25,396.0","","-0.36%"
"04/07/2023","25,544.8","25,614.3","25,625.9","25,502.1","","-0.26%"
"04/06/2023","25,610.8","25,591.3","25,653.0","25,525.3","","0.07%"
"04/05/2023","25,593.3","25,702.8","25,762.3","25,557.3","","-0.39%"
"04/04/2023","25,693.4","25,589.3","25,753.2","25,541.2","","0.48%"
"04/03/2023","25,570.6","25,452.5","25,639.8","25,317.2","","0.60%"
"03/31/2023","25,417.5","25,607.3","25,655.7","25,427.8","","-0.65%"
"03/30/2023","25,584.7","25,472.6","25,656.6","25,407.0","","0.49%"
"03/29/2023","25,459.4","25,480.3","25,538.3","25,403.7","","0.00%"
"03/28/2023","25,459.4","25,390.3","25,490.9","25,383.3","","0.35%"
"03/27/2023","25,370.6","25,328.2","25,397.4","25,260.3","","0.30%"
"03/24/2023","25,294.4","25,448.2","25,472.8","25,202.3","","-0.57%"
"03/23/2023","25,439.7","25,538.7","25,697.6","25,436.4","","-0.32%"
"03/22/2023","25,520.1","25,395.2","25,674.0","25,294.0","","0.55%"
"03/21/2023","25,380.2","25,286.7","25,445.9","25,245.8","","0.46%"
"03/20/2023","25,264.7","25,234.2","25,310.2","25,070.6","","0.50%"
"03/17/2023","25,139.8","25,010.7","25,208.3","25,001.3","","0.62%"
"03/16/2023","24,985.4","24,939.1","25,075.6","24,871.6","","0.26%"
"03/15/2023","24,920.0","25,313.8","25,396.3","24,792.9","","-1.48%"
"03/14/2023","25,295.3","25,310.6","25,355.1","25,169.2","","0.03%"
"03/13/2023","25,288.3","25,205.6","25,359.5","25,120.7","","0.42%"
"03/10/2023","25,181.3","25,074.1","25,335.8","25,041.6","","0.51%"
"03/09/2023","25,053.4","25,012.7","25,109.7","24,988.6","","0.21%"
"03/08/2023","24,999.8","24,949.6","25,082.7","24,930.7","","0.27%"
"03/07/2023","24,933.1","25,275.4","25,303.8","24,940.1","","-1.27%"
"03/06/2023","25,253.5","25,193.6","25,309.7","25,134.0","","0.18%"
"03/03/2023","25,208.5","25,138.5","25,242.2","25,117.7","","0.38%"
"03/02/2023","25,112.5","25,308.7","25,322.9","25,085.1","","-0.71%"
"03/01/2023","25,291.5","25,128.6","25,368.0","25,102.4","","0.73%"
"02/28/2023","25,107.4","25,261.1","25,294.9","25,122.6","","-0.56%"
"02/27/2023","25,250.0","25,083.5","25,298.0","25,078.1","","0.68%"
"02/24/2023","25,078.4","25,252.7","25,296.7","25,069.2","","-0.61%"
"02/23/2023","25,232.0","25,236.3","25,353.3","25,182.1","","0.09%"
"02/22/2023","25,209.2","25,252.3","25,373.2","25,224.4","","-0.11%"
"02/21/2023","25,236.3","25,368.6","25,404.7","25,231.0","","-0.42%"
"02/20/2023","25,343.1","25,458.8","25,479.5","25,317.5","","-0.47%"
"02/17/2023","25,462.4","25,302.7","25,485.0","25,244.6","","0.79%"
"02/16/2023","25,261.8","25,255.1","25,396.4","25,240.2","","0.08%"
"02/15/2023","25,242.1","25,352.4","25,370.1","25,184.3","","-0.37%"
"02/14/2023","25,334.6","25,309.3","25,510.6","25,278.1","","0.15%"
"02/13/2023","25,296.2","25,175.7","25,329.3","25,115.5","","0.54%"
"02/10/2023","25,160.3","25,309.5","25,348.7","25,143.9","","-0.53%"
"02/09/2023","25,294.0","25,272.6","25,439.1","25,267.9","","0.12%"
"02/08/2023","25,262.5","25,324.1","25,399.0","25,267.9","","-0.20%"
"02/07/2023","25,313.4","25,189.7","25,423.3","25,178.5","","0.47%"
"02/06/2023","25,194.0","25,302.6","25,379.5","25,147.4","","-0.41%"
"02/03/2023","25,298.8","25,581.6","25,655.5","25,306.1","","-1.11%"
"02/02/2023","25,582.9","25,771.6","25,875.9","25,525.3","","-0.68%"
"02/01/2023","25,758.2","25,473.4","25,798.5","25,445.2","","1.15%"
"01/31/2023","25,466.0","25,467.7","25,500.3","25,326.8","","0.06%"
"01/30/2023","25,450.9","25,519.7","25,619.1","25,440.7","","-0.17%"
"01/27/2023","25,494.0","25,541.7","25,595.1","25,430.6","","-0.12%"
"01/26/2023","25,523.8","25,600.4","25,630.9","25,442.1","","-0.24%"
"01/25/2023","25,584.8","25,528.8","25,619.1","25,457.3","73.25K","0.33%"
"01/24/2023","25,500.4","25,490.2","25,557.0","25,405.7","69.93K","0.07%"
"01/23/2023","25,481.6","25,466.7","25,625.0","25,432.7","72.09K","0.16%"
"01/20/2023","25,441.8","25,403.4","25,466.7","25,329.5","77.66K","0.25%"
"01/19/2023","25,378.5","25,293.9","25,421.0","25,274.0","103.07K","0.34%"
"01/18/2023","25,293.2","25,283.1","25,524.8","25,228.9","110.05K","0.08%"
"01/17/2023","25,273.1","25,377.6","25,470.6","25,246.8","109.19K","-0.34%"
"01/16/2023","25,358.1","25,394.9","25,489.8","25,312.1","66.71K","-0.07%"
"01/13/2023","25,375.4","25,431.0","25,479.0","25,267.1","98.08K","-0.20%"
"01/12/2023","25,425.5","25,219.8","25,476.7","25,154.3","95.64K","0.86%"
"01/11/2023","25,209.7","25,175.9","25,266.7","25,147.0","87.82K","0.17%"
"01/10/2023","25,165.9","25,152.3","25,231.0","25,118.5","94.36K","0.05%"
"01/09/2023","25,153.9","24,965.0","25,237.9","24,962.7","87.41K","0.73%"
"01/06/2023","24,970.8","24,710.9","24,992.0","24,603.6","94.87K","1.11%"
"01/05/2023","24,695.7","24,945.9","25,013.0","24,693.3","81.29K","-0.89%"
"01/04/2023","24,918.3","24,824.7","25,007.6","24,807.1","90.21K","0.44%"
"01/03/2023","24,808.3","25,203.2","25,252.8","24,756.5","94.76K","-1.45%"
"01/02/2023","25,173.0","25,294.2","25,308.4","25,171.3","21.16K","-0.37%"
"12/30/2022","25,267.4","25,186.0","25,322.5","25,077.3","71.55K","0.43%"
"12/29/2022","25,160.0","25,076.7","25,252.1","25,074.4","59.77K","0.40%"
"12/28/2022","25,060.8","25,115.1","25,230.4","25,065.6","56.05K","-0.09%"
"12/27/2022","25,084.4","25,109.8","25,181.2","25,042.0","68.40K","-0.01%"
"12/26/2022","25,088.0","25,026.0","25,130.8","25,009.5","17.53K","0.33%"
"12/23/2022","25,006.6","25,057.2","25,134.3","24,980.1","94.35K","-0.10%"
"12/22/2022","25,031.3","25,165.1","25,251.6","25,004.0","97.35K","-0.39%"
"12/21/2022","25,129.1","25,239.7","25,258.8","25,121.2","86.78K","-0.30%"
"12/20/2022","25,203.6","25,152.1","25,379.6","25,132.0","130.54K","0.28%"
"12/19/2022","25,133.8","25,000.1","25,261.5","24,977.6","91.79K","0.73%"
"12/16/2022","24,952.4","24,997.7","25,147.0","24,983.5","97.01K","-0.08%"
"12/15/2022","24,971.1","25,153.1","25,257.6","24,914.4","96.32K","-0.61%"
"12/14/2022","25,124.1","25,120.5","25,183.7","24,941.0","93.47K","0.15%"
"12/13/2022","25,086.8","24,970.9","25,217.3","24,854.5","76.66K","0.56%"
"12/12/2022","24,946.9","24,819.8","25,081.1","24,715.4","72.95K","0.60%"
"12/09/2022","24,798.2","25,135.7","25,201.2","24,769.1","81.70K","-1.21%"
"12/08/2022","25,102.2","25,140.4","25,159.5","24,969.1","89.84K","-0.02%"
"12/07/2022","25,106.9","25,126.8","25,242.1","24,923.1","102.22K","0.01%"
"12/06/2022","25,104.7","25,168.4","25,333.5","25,100.4","83.97K","-0.21%"
"12/05/2022","25,157.4","25,623.5","25,777.0","25,145.6","91.10K","-1.96%"
"12/02/2022","25,660.0","25,793.1","25,834.8","25,406.6","82.23K","-0.46%"
"12/01/2022","25,778.9","25,648.1","25,820.1","25,477.2","108.35K","0.59%"
"11/30/2022","25,627.5","25,574.6","25,703.5","25,358.5","92.23K","0.27%"
"11/29/2022","25,559.3","25,622.5","25,742.2","25,551.1","75.21K","-0.18%"
"11/28/2022","25,604.8","25,716.2","26,012.8","25,597.7","78.47K","-0.52%"
"11/25/2022","25,738.0","25,853.9","25,886.6","25,648.1","70.21K","-0.42%"
"11/24/2022","25,846.2","25,838.0","25,961.8","25,785.6","68.53K","0.08%"
"11/23/2022","25,825.3","25,609.3","25,856.6","25,585.8","74.49K","0.88%"
"11/22/2022","25,600.5","25,446.2","25,619.2","25,437.5","79.19K","0.66%"
"11/21/2022","25,433.5","25,596.4","25,636.1","25,395.2","82.19K","-0.66%"
"11/18/2022","25,603.5","25,713.3","25,791.1","25,582.7","95.12K","-0.37%"
"11/17/2022","25,698.0","25,764.0","25,823.6","25,570.6","98.83K","-0.19%"
"11/16/2022","25,746.2","25,627.3","25,874.3","25,592.5","103.85K","0.48%"
"11/15/2022","25,624.3","25,549.2","25,967.9","25,467.5","104.66K","0.33%"
"11/14/2022","25,538.9","25,724.5","25,728.2","25,415.6","103.39K","-0.54%"
"11/11/2022","25,678.1","25,387.2","25,720.8","25,249.9","114.03K","1.17%"
"11/10/2022","25,382.2","24,898.1","25,420.8","24,705.9","128.80K","1.97%"
"11/09/2022","24,891.8","25,055.6","25,089.1","24,848.3","117.10K","-0.63%"
"11/08/2022","25,050.1","24,925.5","25,112.8","24,801.9","100.72K","0.53%"
"11/07/2022","24,917.3","24,650.9","24,959.1","24,622.3","94.52K","0.59%"
"11/04/2022","24,770.5","24,243.4","24,792.7","24,223.5","86.24K","2.18%"
"11/03/2022","24,241.0","24,395.3","24,461.3","24,192.4","76.03K","-0.57%"
"11/02/2022","24,380.5","24,554.2","24,786.6","24,379.2","77.36K","-0.64%"
"11/01/2022","24,536.9","24,555.5","24,751.9","24,498.2","71.03K","-0.05%"
"10/31/2022","24,549.4","24,700.9","24,766.8","24,531.9","75.25K","-0.72%"
"10/28/2022","24,728.2","24,751.8","24,846.3","24,651.2","76.71K","-0.03%"
"10/27/2022","24,735.7","25,041.3","25,079.8","24,733.2","110.93K","-1.14%"
"10/26/2022","25,021.2","24,770.5","25,067.4","24,705.9","84.33K","1.09%"
"10/25/2022","24,750.6","24,541.8","24,799.1","24,468.6","74.02K","0.95%"
"10/24/2022","24,517.1","24,514.6","24,596.6","24,374.1","91.26K","0.18%"
"10/21/2022","24,472.5","24,022.2","24,520.8","23,971.8","92.65K","1.98%"
"10/20/2022","23,997.7","23,919.4","24,171.9","23,857.1","92.66K","0.45%"
"10/19/2022","23,890.1","24,083.2","24,217.4","23,879.0","88.96K","-0.77%"
"10/18/2022","24,075.8","23,940.8","24,138.2","23,906.7","99.01K","0.67%"
"10/17/2022","23,916.2","23,473.7","23,977.3","23,456.8","88.33K","2.06%"
"10/14/2022","23,432.5","23,601.7","23,685.0","23,429.1","108.63K","-0.61%"
"10/13/2022","23,577.3","23,243.6","23,677.8","23,231.6","95.33K","1.47%"
"10/12/2022","23,236.2","23,236.1","23,308.0","23,140.1","93.26K","0.09%"
"10/11/2022","23,214.4","23,168.4","23,397.7","23,127.2","127.25K","0.25%"
"10/10/2022","23,156.3","23,255.6","23,297.4","23,123.8","97.24K","-0.43%"
"10/07/2022","23,256.6","23,378.5","23,448.0","23,229.4","78.55K","-0.49%"
"10/06/2022","23,371.1","23,586.1","23,709.4","23,372.6","89.29K","-0.90%"
"10/05/2022","23,583.4","23,851.6","23,863.5","23,478.7","88.70K","-1.05%"
"10/04/2022","23,834.4","23,476.7","23,886.2","23,405.5","86.15K","1.60%"
"10/03/2022","23,459.7","23,387.7","23,520.9","23,279.2","97.70K","0.36%"
"09/30/2022","23,375.5","23,398.8","23,515.3","23,231.4","94.09K","-0.02%"
"09/29/2022","23,379.3","23,110.9","23,397.6","22,940.9","96.30K","1.21%"
"09/28/2022","23,098.8","22,776.2","23,150.1","22,644.4","104.47K","1.48%"
"09/27/2022","22,761.8","22,799.7","22,955.3","22,715.6","104.25K","-0.09%"
"09/26/2022","22,783.0","22,963.1","23,024.8","22,683.4","109.88K","-0.79%"
"09/23/2022","22,965.3","23,325.9","23,360.3","22,921.6","91.00K","-1.44%"
"09/22/2022","23,301.8","23,311.1","23,488.9","23,241.2","103.87K","0.01%"
"09/21/2022","23,299.1","23,608.7","23,623.4","23,251.9","87.47K","-1.26%"
"09/20/2022","23,596.6","23,731.8","23,796.9","23,567.3","72.96K","-0.52%"
"09/19/2022","23,719.7","23,688.4","23,742.5","23,588.3","63.21K","0.14%"
"09/16/2022","23,685.5","23,632.4","23,747.5","23,533.7","72.86K","0.28%"
"09/15/2022","23,620.0","23,550.4","23,673.7","23,500.0","69.12K","0.31%"
"09/14/2022","23,547.5","23,492.0","23,657.8","23,453.2","87.71K","0.30%"
"09/13/2022","23,477.6","23,808.5","24,000.9","23,477.9","77.68K","-1.34%"
"09/12/2022","23,797.5","23,713.2","23,987.3","23,665.0","62.37K","0.81%"
"09/09/2022","23,606.7","23,546.1","23,825.1","23,540.2","76.44K","0.33%"
"09/08/2022","23,530.2","23,592.4","23,634.3","23,388.3","86.40K","-0.21%"
"09/07/2022","23,580.0","23,304.1","23,617.1","23,244.1","82.65K","1.24%"
"09/06/2022","23,291.9","23,345.7","23,519.4","23,208.8","101.52K","-0.18%"
"09/05/2022","23,333.4","23,345.2","23,398.6","23,231.0","67.15K","-0.01%"
"09/02/2022","23,335.1","23,334.6","23,543.4","23,327.6","68.96K","0.07%"
"09/01/2022","23,318.7","23,591.6","23,596.2","23,252.5","85.85K","-1.12%"
"08/31/2022","23,583.7","23,451.6","23,649.0","23,394.5","87.63K","0.60%"
"08/30/2022","23,443.1","23,425.6","23,544.9","23,366.2","90.25K","0.11%"
"08/29/2022","23,418.3","23,378.4","23,504.1","23,208.5","59.90K","0.42%"
"08/26/2022","23,320.7","23,369.4","23,628.9","23,296.7","60.95K","-0.17%"
"08/25/2022","23,359.8","23,362.7","23,502.8","23,307.3","82.54K","0.07%"
"08/24/2022","23,343.0","23,365.9","23,440.0","23,227.9","67.65K","-0.04%"
"08/23/2022","23,352.7","23,282.7","23,479.5","23,191.3","82.41K","0.35%"
"08/22/2022","23,271.9","23,501.0","23,522.5","23,240.6","88.00K","-0.88%"
"08/19/2022","23,479.6","23,615.5","23,628.8","23,478.7","76.61K","-0.54%"
"08/18/2022","23,606.9","23,824.8","23,856.4","23,592.1","78.33K","-0.90%"
"08/17/2022","23,822.2","23,805.9","23,879.8","23,742.8","92.09K","0.09%"
"08/16/2022","23,800.8","23,784.2","23,865.6","23,693.6","63.61K","0.11%"
"08/15/2022","23,774.4","24,012.3","24,027.6","23,766.6","65.02K","-0.92%"
"08/12/2022","23,995.5","24,134.3","24,163.5","23,952.7","80.27K","-0.56%"
"08/11/2022","24,131.5","24,088.2","24,251.3","24,028.1","84.79K","0.22%"
"08/10/2022","24,079.5","23,890.5","24,254.3","23,856.2","88.52K","0.84%"
"08/09/2022","23,878.4","23,853.6","23,972.1","23,830.2","80.58K","0.14%"
"08/08/2022","23,844.1","23,807.5","23,910.9","23,760.7","67.84K","0.15%"
"08/05/2022","23,808.3","23,973.6","23,990.0","23,719.8","82.61K","-0.67%"
"08/04/2022","23,968.5","23,785.1","23,993.5","23,754.2","79.44K","0.81%"
"08/03/2022","23,775.3","23,745.7","23,890.4","23,685.6","79.95K","0.15%"
"08/02/2022","23,740.7","23,970.9","24,047.9","23,738.7","102.39K","-0.93%"
"08/01/2022","23,964.6","23,848.8","24,004.7","23,818.5","84.62K","0.51%"
"07/29/2022","23,843.7","23,825.6","23,961.4","23,679.6","81.85K","0.14%"
"07/28/2022","23,811.2","23,842.9","23,918.3","23,628.2","106.68K","-0.15%"
"07/27/2022","23,847.2","23,645.3","23,897.9","23,604.4","76.19K","0.89%"
"07/26/2022","23,636.4","23,904.6","23,978.3","23,623.1","79.26K","-1.10%"
"07/25/2022","23,899.5","23,901.2","23,994.6","23,813.8","77.45K","0.03%"
"07/22/2022","23,891.4","23,952.4","24,004.2","23,708.1","73.47K","-0.22%"
"07/21/2022","23,943.8","23,836.9","24,068.3","23,774.4","105.39K","0.50%"
"07/20/2022","23,824.4","23,946.2","24,061.7","23,783.0","92.89K","-0.47%"
"07/19/2022","23,936.4","23,780.5","24,048.1","23,705.7","80.25K","0.69%"
"07/18/2022","23,772.8","23,654.4","23,922.3","23,624.8","74.90K","0.50%"
"07/15/2022","23,654.0","23,462.2","23,686.0","23,444.6","77.78K","0.86%"
"07/14/2022","23,452.5","23,535.7","23,545.1","23,306.4","89.60K","-0.32%"
"07/13/2022","23,528.3","23,482.9","23,680.7","23,388.3","82.57K","0.22%"
"07/12/2022","23,475.5","23,445.4","23,568.3","23,364.8","87.78K","0.16%"
"07/11/2022","23,438.1","23,762.8","23,788.4","23,430.2","77.41K","-1.45%"
"07/08/2022","23,782.4","23,727.5","23,823.1","23,525.0","90.49K","0.26%"
"07/07/2022","23,721.3","23,802.3","23,897.0","23,690.1","86.88K","-0.29%"
"07/06/2022","23,791.4","23,991.2","24,012.2","23,755.6","95.95K","-0.77%"
"07/05/2022","23,976.7","24,328.4","24,420.5","23,912.9","85.17K","-1.40%"
"07/04/2022","24,317.4","24,303.6","24,432.3","24,288.4","68.84K","0.08%"
"07/01/2022","24,297.2","24,384.0","24,422.5","24,168.3","68.12K","-0.32%"
"06/30/2022","24,375.9","24,296.2","24,402.7","24,153.7","83.92K","0.37%"
"06/29/2022","24,286.3","24,464.9","24,516.1","24,281.1","90.53K","-0.71%"
"06/28/2022","24,459.6","24,607.5","24,664.5","24,430.0","93.01K","-0.57%"
"06/27/2022","24,600.2","24,542.5","24,678.4","24,527.4","86.90K","0.27%"
"06/24/2022","24,534.9","24,474.2","24,582.0","24,438.2","88.54K","0.30%"
"06/23/2022","24,462.0","24,553.9","24,598.5","24,370.8","111.52K","-0.35%"
"06/22/2022","24,547.8","24,455.3","24,646.9","24,334.0","84.07K","0.42%"
"06/21/2022","24,445.4","24,421.2","24,588.6","24,414.2","83.50K","0.14%"
"06/20/2022","24,412.4","24,326.5","24,504.8","24,326.5","76.97K","0.15%"
"06/17/2022","24,376.4","24,512.7","24,539.4","24,262.6","85.59K","-0.53%"
"06/16/2022","24,505.1","24,267.8","24,635.9","24,113.9","138.99K","1.02%"
"06/15/2022","24,256.8","24,180.7","24,408.1","24,068.0","104.84K","0.35%"
"06/14/2022","24,173.2","24,151.2","24,347.3","24,130.3","86.91K","0.16%"
"06/13/2022","24,134.4","24,372.4","24,388.6","24,126.8","75.53K","-0.97%"
"06/10/2022","24,370.6","24,589.0","24,669.3","24,353.8","70.05K","-0.84%"
"06/09/2022","24,576.7","24,853.7","24,953.7","24,573.9","80.01K","-1.07%"
"06/08/2022","24,842.6","24,813.3","24,929.1","24,743.4","57.47K","0.15%"
"06/07/2022","24,805.6","24,796.4","24,848.1","24,700.8","62.20K","0.07%"
"06/06/2022","24,788.7","24,866.5","24,929.7","24,769.7","61.20K","-0.26%"
"06/03/2022","24,854.2","24,928.6","24,969.2","24,824.7","36.99K","-0.28%"
"06/02/2022","24,923.2","24,704.4","24,940.2","24,697.5","52.88K","0.91%"
"06/01/2022","24,699.1","24,892.1","24,922.9","24,654.5","57.36K","-0.74%"
"05/31/2022","24,884.5","24,984.6","24,988.0","24,763.4","72.25K","-0.37%"
"05/30/2022","24,976.8","24,906.0","25,005.4","24,880.5","54.79K","0.38%"
"05/27/2022","24,881.3","24,895.0","24,986.7","24,805.2","64.68K","-0.02%"
"05/26/2022","24,885.0","24,784.2","24,910.1","24,735.8","64.36K","0.48%"
"05/25/2022","24,766.9","24,931.3","24,937.1","24,686.8","73.53K","-0.59%"
"05/24/2022","24,913.6","24,776.4","24,960.3","24,709.4","68.70K","0.59%"
"05/23/2022","24,766.4","24,495.3","24,793.8","24,462.9","72.28K","1.27%"
"05/20/2022","24,457.0","24,511.2","24,559.6","24,403.8","79.37K","-0.17%"
"05/19/2022","24,498.3","24,228.6","24,557.5","24,206.6","79.06K","1.16%"
"05/18/2022","24,217.3","24,394.6","24,430.4","24,204.3","79.59K","-0.69%"
"05/17/2022","24,384.7","24,099.9","24,410.8","24,087.2","77.06K","1.22%"
"05/16/2022","24,090.4","24,022.5","24,121.9","23,976.7","63.97K","0.23%"
"05/13/2022","24,034.8","23,973.9","24,060.9","23,894.4","75.73K","0.26%"
"05/12/2022","23,971.3","24,235.4","24,310.6","23,915.0","103.67K","-1.06%"
"05/11/2022","24,227.9","24,156.2","24,394.7","24,148.1","107.99K","0.32%"
"05/10/2022","24,150.0","24,229.9","24,291.3","24,147.0","71.66K","-0.30%"
"05/09/2022","24,223.7","24,222.6","24,313.7","24,089.1","67.01K","0.02%"
"05/06/2022","24,219.8","24,204.8","24,335.0","24,060.9","84.58K","0.10%"
"05/05/2022","24,194.6","24,397.8","24,443.7","24,086.6","86.06K","-0.81%"
"05/04/2022","24,392.2","24,148.4","24,418.4","24,129.8","64.76K","0.98%"
"05/03/2022","24,156.0","24,123.2","24,291.9","24,092.2","68.52K","0.17%"
"05/02/2022","24,114.7","24,226.5","24,270.1","24,088.7","49.74K","-0.37%"
"04/29/2022","24,204.2","24,096.2","24,323.1","24,084.7","87.20K","0.44%"
"04/28/2022","24,099.2","24,247.3","24,262.2","24,038.8","89.13K","-0.58%"
"04/27/2022","24,239.6","24,437.0","24,482.1","24,147.4","89.60K","-0.77%"
"04/26/2022","24,428.6","24,623.3","24,678.5","24,432.4","91.52K","-0.77%"
"04/25/2022","24,617.1","24,900.2","24,902.5","24,585.4","98.78K","-0.69%"
"04/22/2022","24,788.4","24,887.3","24,926.6","24,736.0","74.49K","-0.37%"
"04/21/2022","24,881.6","24,918.8","25,114.1","24,825.4","85.75K","-0.14%"
"04/20/2022","24,916.1","24,766.6","24,959.9","24,756.2","83.82K","0.63%"
"04/19/2022","24,759.3","24,693.1","24,827.5","24,665.0","77.61K","0.34%"
"04/18/2022","24,675.4","24,744.5","24,784.6","24,662.2","34.76K","-0.28%"
"04/15/2022","24,744.7","24,797.7","24,805.8","24,696.2","40.01K","-0.21%"
"04/14/2022","24,796.1","24,918.7","25,012.2","24,635.1","86.74K","-0.47%"
"04/13/2022","24,912.5","24,783.0","24,938.2","24,739.0","74.85K","0.54%"
"04/12/2022","24,778.6","24,878.4","24,960.4","24,769.3","55.16K","-0.40%"
"04/11/2022","24,878.5","24,999.6","25,037.3","24,856.7","61.06K","0.06%"
"04/08/2022","24,862.5","24,870.5","24,902.4","24,773.3","56.42K","-0.01%"
"04/07/2022","24,866.0","24,914.1","25,007.6","24,836.3","63.21K","-0.18%"
"04/06/2022","24,910.2","24,947.5","25,013.6","24,865.0","57.71K","-0.11%"
"04/05/2022","24,938.4","25,070.6","25,132.1","24,932.6","50.46K","-0.49%"
"04/04/2022","25,062.1","25,212.0","25,261.8","25,040.9","70.53K","-0.71%"
"04/01/2022","25,241.7","25,273.0","25,303.0","25,185.7","96.90K","-0.11%"
"03/31/2022","25,270.3","25,503.3","25,566.1","25,262.7","77.29K","-0.89%"
"03/30/2022","25,498.2","25,353.2","25,534.1","25,342.9","82.38K","0.60%"
"03/29/2022","25,345.8","25,111.3","25,468.7","25,087.3","84.99K","1.00%"
"03/28/2022","25,095.7","25,124.7","25,163.6","25,020.5","58.67K","-0.03%"
"03/25/2022","25,103.7","25,151.8","25,244.8","25,101.8","55.24K","-0.16%"
"03/24/2022","25,144.5","25,171.1","25,195.1","25,078.6","54.09K","-0.09%"
"03/23/2022","25,168.3","25,226.1","25,262.5","25,078.5","62.63K","-0.21%"
"03/22/2022","25,221.0","25,189.9","25,266.1","25,067.2","67.28K","0.17%"
"03/21/2022","25,178.0","25,288.7","25,310.4","25,170.5","64.47K","-0.32%"
"03/18/2022","25,258.0","25,362.3","25,427.5","25,157.2","58.90K","-0.38%"
"03/17/2022","25,355.0","25,250.9","25,471.0","25,186.9","76.77K","0.46%"
"03/16/2022","25,240.1","25,072.8","25,277.2","25,052.4","83.27K","0.74%"
"03/15/2022","25,055.9","25,052.6","25,221.5","25,003.0","80.84K","0.07%"
"03/14/2022","25,039.4","25,035.4","25,177.4","24,904.7","69.09K","0.35%"
"03/11/2022","24,952.2","25,087.5","25,266.5","24,940.4","87.14K","-0.51%"
"03/10/2022","25,079.7","25,292.5","25,418.7","25,069.2","88.34K","-0.83%"
"03/09/2022","25,289.8","24,910.6","25,340.5","24,879.8","100.12K","1.57%"
"03/08/2022","24,898.8","24,801.4","25,039.7","24,787.8","99.71K","0.43%"
"03/07/2022","24,791.4","25,016.7","25,016.7","24,690.6","100.03K","-0.61%"
"03/04/2022","24,944.1","25,275.4","25,277.7","24,863.6","82.99K","-1.27%"
"03/03/2022","25,264.6","25,399.1","25,413.9","25,196.6","78.73K","-0.53%"
"03/02/2022","25,400.4","25,389.0","25,465.3","25,238.4","79.31K","0.07%"
"03/01/2022","25,381.7","25,588.3","25,630.4","25,303.5","89.13K","-0.79%"
"02/28/2022","25,584.9","25,521.7","25,654.4","25,391.5","86.15K","-0.49%"
"02/25/2022","25,711.3","25,565.3","25,740.8","25,487.2","79.35K","0.59%"
"02/24/2022","25,560.2","25,824.8","25,825.9","25,368.9","103.44K","-0.98%"
"02/23/2022","25,812.8","25,847.1","25,930.9","25,796.2","64.41K","-0.10%"
"02/22/2022","25,838.0","25,797.0","25,940.6","25,744.0","85.68K","0.20%"
"02/21/2022","25,786.8","25,832.1","25,977.2","25,783.3","51.10K","-0.18%"
"02/18/2022","25,834.5","25,894.0","26,052.2","25,829.9","64.24K","-0.19%"
"02/17/2022","25,883.8","25,882.7","25,949.8","25,787.0","80.18K","0.04%"
"02/16/2022","25,873.6","25,849.7","25,932.7","25,806.5","70.78K","0.15%"
"02/15/2022","25,834.9","25,700.8","25,870.2","25,688.3","74.45K","0.56%"
"02/14/2022","25,690.6","25,736.7","25,819.0","25,638.3","81.26K","-0.21%"
"02/11/2022","25,745.2","25,921.6","25,929.5","25,703.8","82.41K","-0.66%"
"02/10/2022","25,916.4","25,932.4","26,075.8","25,800.2","84.64K","0.04%"
"02/09/2022","25,905.1","25,938.3","26,002.6","25,888.2","67.51K","-0.08%"
"02/08/2022","25,926.9","25,937.3","25,978.1","25,884.9","100.08K","-0.02%"
"02/07/2022","25,933.3","25,970.4","25,975.7","25,872.7","75.94K","0.05%"
"02/04/2022","25,919.5","25,909.3","26,012.4","25,845.9","85.84K","0.07%"
"02/03/2022","25,901.3","25,605.8","25,938.8","25,519.8","68.02K","1.20%"
"02/02/2022","25,593.4","25,526.6","25,664.7","25,517.5","48.06K","0.29%"
"02/01/2022","25,518.7","25,445.0","25,548.1","25,414.4","53.47K","0.32%"
"01/31/2022","25,437.1","25,246.8","25,477.9","25,227.6","55.97K","0.81%"
"01/28/2022","25,233.3","25,234.5","25,310.2","25,187.9","62.04K","0.07%"
"01/27/2022","25,216.6","25,441.7","25,451.9","25,201.7","68.34K","-0.84%"
"01/26/2022","25,429.3","25,579.8","25,635.2","25,430.4","62.72K","-0.55%"
"01/25/2022","25,569.6","25,689.6","25,703.2","25,492.7","72.74K","-0.41%"
"01/24/2022","25,674.9","25,669.2","25,736.1","25,611.4","93.68K","0.07%"
"01/21/2022","25,656.8","25,621.7","25,708.8","25,595.6","70.13K","0.18%"
"01/20/2022","25,611.5","25,752.0","25,820.1","25,600.2","74.13K","-0.51%"
"01/19/2022","25,744.1","25,766.6","25,833.5","25,716.8","87.96K","-0.08%"
"01/18/2022","25,764.4","25,931.5","26,057.0","25,750.7","102.20K","-0.59%"
"01/17/2022","25,916.7","25,926.9","25,992.9","25,890.6","60.68K","-0.02%"
"01/14/2022","25,921.2","26,024.6","26,079.0","25,890.6","63.80K","-0.34%"
"01/13/2022","26,009.8","25,976.2","26,082.5","25,943.7","59.46K","0.15%"
"01/12/2022","25,971.1","25,801.4","26,000.0","25,774.2","60.55K","0.68%"
"01/11/2022","25,796.3","25,707.8","25,823.0","25,679.9","58.51K","0.38%"
"01/10/2022","25,699.8","25,760.0","25,824.1","25,615.8","55.35K","-0.26%"
"01/07/2022","25,767.9","25,691.6","25,788.3","25,620.4","44.12K","0.34%"
"01/06/2022","25,681.4","25,750.7","25,823.2","25,674.5","66.54K","-0.24%"
"01/05/2022","25,742.7","25,683.0","25,825.8","25,656.9","45.09K","0.26%"
"01/04/2022","25,675.6","25,821.6","25,847.9","25,647.7","47.60K","-0.40%"
"01/03/2022","25,778.6","25,975.9","26,011.3","25,779.3","33.87K","-0.65%"
"12/31/2021","25,947.5","25,780.2","26,025.0","25,745.0","25.76K","0.67%"
"12/30/2021","25,774.5","25,903.5","25,927.5","25,725.5","37.88K","-0.47%"
"12/29/2021","25,896.1","25,833.2","25,948.0","25,730.6","42.48K","0.28%"
"12/28/2021","25,824.1","25,848.2","25,926.4","25,784.1","43.41K","-0.04%"
"12/27/2021","25,834.6","25,861.6","25,882.2","25,769.7","38.14K","-0.05%"
"12/24/2021","25,848.0","26,005.2","26,010.9","25,827.4","47.13K","-0.58%"
"12/23/2021","25,997.8","26,003.3","26,059.3","25,912.2","58.15K","0.01%"
"12/22/2021","25,994.2","25,868.9","26,043.5","25,839.5","62.78K","0.46%"
"12/21/2021","25,875.3","25,858.7","25,922.8","25,817.7","74.56K","0.09%"
"12/20/2021","25,851.3","25,836.9","25,921.8","25,772.5","80.12K","0.10%"
"12/17/2021","25,824.9","26,051.7","26,084.8","25,819.7","64.54K","-0.84%"
"12/16/2021","26,043.1","25,997.3","26,121.8","25,958.5","67.64K","0.21%"
"12/15/2021","25,989.4","25,907.0","26,028.4","25,848.7","101.45K","0.38%"
"12/14/2021","25,891.1","25,931.8","26,062.3","25,887.7","153.72K","-0.12%"
"12/13/2021","25,922.7","26,061.9","26,085.7","25,874.3","75.53K","-0.46%"
"12/10/2021","26,043.6","25,962.6","26,081.5","25,918.8","89.04K","0.36%"
"12/09/2021","25,949.0","26,007.2","26,059.2","25,928.1","81.44K","-0.18%"
"12/08/2021","25,995.9","25,998.6","26,051.2","25,834.1","142.02K","0.02%"
"12/07/2021","25,990.7","25,988.3","26,118.8","25,907.5","156.00K","0.05%"
"12/06/2021","25,978.1","25,857.2","26,113.9","25,777.4","93.46K","0.58%"
"12/03/2021","25,827.6","25,692.8","25,886.9","25,621.0","79.04K","0.56%"
"12/02/2021","25,682.6","25,713.4","25,800.8","25,678.0","85.51K","-0.09%"
"12/01/2021","25,705.4","25,732.2","25,805.4","25,672.5","117.48K","-0.05%"
"11/30/2021","25,719.1","25,628.3","25,833.1","25,497.3","128.40K","0.41%"
"11/29/2021","25,614.7","25,632.9","25,663.6","25,547.8","85.24K","-0.19%"
"11/26/2021","25,664.7","25,415.3","25,698.7","25,407.3","118.37K","1.03%"
"11/25/2021","25,404.0","25,412.8","25,466.3","25,406.1","77.44K","0.05%"
"11/24/2021","25,392.5","25,510.5","25,541.6","25,379.9","81.97K","-0.42%"
"11/23/2021","25,500.3","25,479.9","25,567.8","25,453.8","94.43K","0.13%"
"11/22/2021","25,467.5","25,589.9","25,602.3","25,464.0","130.39K","-0.42%"
"11/19/2021","25,575.2","25,761.0","25,767.8","25,493.6","64.98K","-0.68%"
"11/18/2021","25,750.8","25,640.9","25,770.1","25,631.9","102.40K","0.45%"
"11/17/2021","25,635.3","25,642.6","25,672.6","25,511.8","84.80K","-0.01%"
"11/16/2021","25,637.5","25,745.7","25,791.0","25,615.5","75.99K","-0.40%"
"11/15/2021","25,740.6","25,933.1","25,970.7","25,717.4","68.27K","-0.70%"
"11/12/2021","25,922.8","25,933.7","25,956.8","25,887.7","67.66K","-0.02%"
"11/11/2021","25,928.5","26,019.4","26,034.1","25,914.4","52.73K","-0.31%"
"11/10/2021","26,009.2","26,271.5","26,280.6","26,004.6","77.74K","-0.98%"
"11/09/2021","26,267.5","26,261.3","26,310.0","26,219.4","59.04K","0.04%"
"11/08/2021","26,256.1","26,207.9","26,276.0","26,171.1","68.46K","0.09%"
"11/05/2021","26,231.7","26,210.3","26,252.1","26,111.5","73.67K","0.11%"
"11/04/2021","26,202.2","26,413.8","26,427.5","26,151.3","81.98K","-0.78%"
"11/03/2021","26,409.3","26,340.5","26,426.3","26,300.1","85.00K","0.28%"
"11/02/2021","26,335.4","26,414.0","26,421.8","26,330.3","76.24K","-0.24%"
"11/01/2021","26,399.1","26,298.5","26,418.6","26,271.7","88.68K","0.37%"
"10/29/2021","26,301.3","26,576.7","26,601.7","26,242.7","66.76K","-1.01%"
"10/28/2021","26,569.7","26,413.0","26,607.4","26,353.7","76.74K","0.62%"
"10/27/2021","26,404.9","26,391.9","26,460.8","26,365.2","58.79K","0.09%"
"10/26/2021","26,382.2","26,411.7","26,460.2","26,364.6","52.41K","-0.06%"
"10/25/2021","26,397.8","26,494.2","26,550.1","26,373.0","64.10K","-0.39%"
"10/22/2021","26,501.6","26,443.5","26,522.6","26,437.8","59.52K","0.24%"
"10/21/2021","26,437.8","26,510.7","26,557.0","26,435.5","62.62K","-0.26%"
"10/20/2021","26,507.3","26,474.9","26,532.4","26,434.5","58.86K","0.15%"
"10/19/2021","26,468.6","26,427.2","26,558.0","26,419.3","54.64K","0.18%"
"10/18/2021","26,419.8","26,395.4","26,461.5","26,336.2","80.37K","0.09%"
"10/15/2021","26,394.7","26,397.0","26,448.8","26,370.8","77.66K","0.04%"
"10/14/2021","26,384.5","26,383.3","26,456.2","26,361.7","47.46K","0.02%"
"10/13/2021","26,379.9","26,235.4","26,394.7","26,233.1","81.92K","0.56%"
"10/12/2021","26,232.0","26,299.2","26,333.3","26,226.3","49.31K","-0.18%"
"10/11/2021","26,278.5","26,349.2","26,373.8","26,279.1","61.80K","-0.17%"
"10/08/2021","26,323.0","26,290.1","26,366.3","26,263.9","55.81K","0.18%"
"10/07/2021","26,276.3","26,301.5","26,344.2","26,278.1","58.89K","-0.05%"
"10/06/2021","26,289.9","26,402.6","26,440.1","26,238.9","68.62K","-0.36%"
"10/05/2021","26,385.5","26,453.4","26,454.5","26,350.3","67.93K","-0.22%"
"10/04/2021","26,443.6","26,382.2","26,494.3","26,365.6","52.40K","0.22%"
"10/01/2021","26,384.5","26,360.6","26,417.5","26,316.3","51.55K","0.14%"
"09/30/2021","26,346.8","26,387.3","26,431.4","26,315.1","73.42K","-0.13%"
"09/29/2021","26,382.1","26,592.8","26,612.4","26,371.3","66.63K","-0.77%"
"09/28/2021","26,587.1","26,629.5","26,643.6","26,557.6","74.36K","-0.12%"
"09/27/2021","26,620.3","26,689.7","26,699.7","26,599.8","60.20K","-0.15%"
"09/24/2021","26,661.1","26,722.7","26,746.6","26,635.1","75.22K","-0.20%"
"09/23/2021","26,713.5","26,603.1","26,751.2","26,591.7","70.90K","0.44%"
"09/22/2021","26,597.3","26,688.4","26,759.0","26,592.8","74.08K","-0.29%"
"09/21/2021","26,675.7","26,701.3","26,744.1","26,662.2","67.84K","-0.08%"
"09/20/2021","26,696.7","26,715.5","26,726.3","26,640.9","68.98K","0.00%"
"09/17/2021","26,697.8","26,764.4","26,846.5","26,696.2","66.25K","-0.26%"
"09/16/2021","26,766.6","26,892.0","26,904.8","26,738.3","91.40K","-0.45%"
"09/15/2021","26,888.6","26,871.6","26,931.9","26,852.2","66.95K","0.11%"
"09/14/2021","26,860.2","26,884.7","26,963.8","26,856.8","69.13K","-0.05%"
"09/13/2021","26,873.8","26,885.2","26,898.4","26,788.0","51.86K","-0.03%"
"09/10/2021","26,882.8","26,923.1","26,971.6","26,873.8","66.68K","-0.14%"
"09/09/2021","26,919.6","26,893.7","26,960.6","26,874.1","60.75K","0.14%"
"09/08/2021","26,882.8","26,949.5","26,974.6","26,858.4","79.44K","-0.22%"
"09/07/2021","26,940.9","27,019.1","27,072.2","26,940.4","72.60K","-0.26%"
"09/06/2021","27,011.6","27,042.5","27,063.3","26,984.9","49.85K","-0.12%"
"09/03/2021","27,043.4","27,032.3","27,112.0","27,011.8","84.79K","0.08%"
"09/02/2021","27,022.9","26,956.0","27,038.0","26,940.1","62.56K","0.30%"
"09/01/2021","26,943.3","26,906.1","26,993.6","26,846.8","75.95K","0.20%"
"08/31/2021","26,890.4","26,870.6","26,992.7","26,864.9","72.92K","0.10%"
"08/30/2021","26,863.1","26,876.2","26,920.6","26,837.6","52.85K","-0.04%"
"08/27/2021","26,875.1","26,779.3","26,899.0","26,742.9","96.33K","0.38%"
"08/26/2021","26,772.4","26,830.2","26,847.8","26,764.5","76.21K","-0.19%"
"08/25/2021","26,823.8","26,823.8","26,839.9","26,725.3","77.12K","0.01%"
"08/24/2021","26,820.3","26,813.2","26,850.1","26,761.0","47.90K","0.06%"
"08/23/2021","26,803.4","26,691.6","26,824.6","26,685.8","55.87K","0.42%"
"08/20/2021","26,690.3","26,638.3","26,717.8","26,621.9","60.35K","0.22%"
"08/19/2021","26,630.7","26,711.0","26,724.7","26,609.0","77.39K","-0.29%"
"08/18/2021","26,707.0","26,736.9","26,784.0","26,671.1","71.13K","-0.09%"
"08/17/2021","26,731.7","26,890.5","26,909.2","26,731.2","66.54K","-0.58%"
"08/16/2021","26,886.9","26,928.7","26,951.7","26,869.9","67.87K","-0.12%"
"08/13/2021","26,918.8","26,751.6","26,954.9","26,750.4","61.38K","0.64%"
"08/12/2021","26,748.0","26,774.4","26,825.7","26,741.3","71.89K","-0.09%"
"08/11/2021","26,770.9","26,824.7","26,905.6","26,691.8","64.44K","-0.18%"
"08/10/2021","26,819.0","26,910.5","26,922.8","26,800.7","110.19K","-0.33%"
"08/09/2021","26,907.1","26,971.4","27,017.2","26,902.5","75.85K","-0.20%"
"08/06/2021","26,962.2","27,145.4","27,151.2","26,951.9","64.12K","-0.65%"
"08/05/2021","27,137.9","27,163.0","27,200.5","27,130.5","77.64K","-0.06%"
"08/04/2021","27,155.4","27,233.8","27,308.7","27,152.6","71.36K","-0.23%"
"08/03/2021","27,218.7","27,240.0","27,318.8","27,208.6","57.14K","-0.06%"
"08/02/2021","27,234.8","27,233.8","27,307.7","27,220.0","46.15K","-0.03%"
"07/30/2021","27,241.7","27,303.8","27,343.6","27,204.0","60.76K","-0.20%"
"07/29/2021","27,296.2","27,244.1","27,316.4","27,215.3","80.61K","0.22%"
"07/28/2021","27,235.4","27,186.8","27,256.7","27,078.5","93.69K","0.21%"
"07/27/2021","27,178.1","27,159.8","27,243.1","27,077.5","64.68K","0.11%"
"07/26/2021","27,147.1","27,097.6","27,192.0","27,063.1","49.63K","0.26%"
"07/23/2021","27,076.9","27,082.8","27,121.8","27,041.3","72.97K","-0.02%"
"07/22/2021","27,082.8","27,152.2","27,225.5","27,055.2","61.51K","-0.24%"
"07/21/2021","27,147.5","27,132.2","27,181.0","27,052.0","63.88K","0.09%"
"07/20/2021","27,122.3","27,168.3","27,185.1","27,071.2","97.74K","-0.14%"
"07/19/2021","27,159.0","27,173.2","27,223.5","27,077.1","77.09K","-0.02%"
"07/16/2021","27,164.5","27,185.2","27,207.7","27,135.2","71.23K","-0.05%"
"07/15/2021","27,178.2","27,239.9","27,275.0","27,142.6","75.98K","-0.20%"
"07/14/2021","27,233.5","27,099.5","27,245.7","27,089.2","53.50K","0.52%"
"07/13/2021","27,092.0","27,308.7","27,342.9","27,089.2","57.98K","-0.76%"
"07/12/2021","27,299.4","27,308.6","27,351.3","27,247.7","73.88K","-0.03%"
"07/09/2021","27,307.9","27,252.5","27,331.6","27,199.3","51.09K","0.23%"
"07/08/2021","27,244.9","27,142.2","27,308.8","27,120.7","59.01K","0.41%"
"07/07/2021","27,132.4","27,206.4","27,250.4","27,118.1","57.93K","-0.24%"
"07/06/2021","27,198.9","27,282.5","27,369.8","27,166.2","90.40K","-0.28%"
"07/05/2021","27,275.6","27,283.8","27,330.5","27,250.0","51.47K","-0.03%"
"07/02/2021","27,284.8","27,269.8","27,313.7","27,156.1","62.39K","0.08%"
"07/01/2021","27,262.3","27,294.7","27,350.4","27,239.9","53.06K","-0.08%"
"06/30/2021","27,283.1","27,389.9","27,422.8","27,261.3","60.67K","-0.36%"
"06/29/2021","27,382.3","27,459.6","27,474.6","27,345.0","57.49K","-0.24%"
"06/28/2021","27,449.1","27,480.3","27,504.5","27,404.4","51.15K","-0.08%"
"06/25/2021","27,469.8","27,449.0","27,574.7","27,436.4","61.87K","0.10%"
"06/24/2021","27,442.6","27,461.9","27,507.7","27,416.8","77.35K","-0.03%"
"06/23/2021","27,451.3","27,492.5","27,562.1","27,426.9","64.07K","-0.13%"
"06/22/2021","27,487.3","27,431.1","27,525.9","27,357.8","76.89K","0.24%"
"06/21/2021","27,421.2","27,296.4","27,440.3","27,212.3","107.11K","0.55%"
"06/18/2021","27,272.1","27,346.7","27,448.8","27,246.9","101.80K","-0.23%"
"06/17/2021","27,336.2","27,527.8","27,571.7","27,308.8","88.25K","-0.67%"
"06/16/2021","27,521.4","27,829.7","27,851.6","27,522.1","79.85K","-1.08%"
"06/15/2021","27,820.9","27,807.7","27,882.0","27,768.8","61.74K","0.07%"
"06/14/2021","27,801.2","27,787.6","27,835.2","27,746.6","49.60K","0.09%"
"06/11/2021","27,777.2","27,929.5","27,993.2","27,747.4","79.64K","-0.53%"
"06/10/2021","27,924.2","27,966.4","27,992.5","27,866.4","77.83K","-0.11%"
"06/09/2021","27,954.6","27,940.7","28,068.3","27,934.9","58.06K","0.07%"
"06/08/2021","27,934.9","28,041.9","28,069.9","27,918.9","58.83K","-0.36%"
"06/07/2021","28,034.7","28,042.4","28,071.8","27,951.1","47.66K","0.01%"
"06/04/2021","28,033.0","27,948.3","28,085.0","27,893.7","63.14K","0.35%"
"06/03/2021","27,934.9","28,133.7","28,148.7","27,921.8","59.70K","-0.69%"
"06/02/2021","28,129.5","28,147.8","28,179.0","28,026.5","67.05K","-0.03%"
"06/01/2021","28,139.0","28,183.2","28,242.3","28,140.9","73.70K","-0.10%"
"05/31/2021","28,166.4","28,097.7","28,195.9","28,075.0","75.23K","0.26%"
"05/28/2021","28,094.2","28,109.8","28,129.4","27,959.4","62.98K","-0.01%"
"05/27/2021","28,096.5","28,110.5","28,164.0","28,072.2","87.53K","-0.03%"
"05/26/2021","28,104.1","28,254.9","28,276.9","28,086.3","81.38K","-0.52%"
"05/25/2021","28,250.8","28,164.1","28,289.5","28,154.9","94.46K","0.34%"
"05/24/2021","28,156.0","28,077.6","28,199.9","28,057.5","89.86K","0.28%"
"05/21/2021","28,077.5","28,186.7","28,220.6","28,037.3","98.57K","-0.35%"
"05/20/2021","28,174.8","28,049.3","28,190.2","28,043.5","101.36K","0.44%"
"05/19/2021","28,050.4","28,161.9","28,221.0","28,022.8","97.67K","-0.37%"
"05/18/2021","28,154.9","28,009.0","28,190.7","28,004.4","90.32K","0.54%"
"05/17/2021","28,003.2","27,981.5","28,047.0","27,945.6","84.69K","0.08%"
"05/14/2021","27,980.3","27,844.4","28,005.7","27,822.5","76.09K","0.55%"
"05/13/2021","27,827.7","27,829.1","27,908.9","27,776.4","98.87K","0.00%"
"05/12/2021","27,827.3","28,013.3","28,021.4","27,815.3","102.15K","-0.63%"
"05/11/2021","28,002.6","27,971.3","28,090.5","27,954.5","118.06K","0.12%"
"05/10/2021","27,969.5","28,049.3","28,088.6","27,966.1","110.42K","-0.28%"
"05/07/2021","28,047.9","27,834.5","28,075.9","27,799.1","89.21K","0.79%"
"05/06/2021","27,828.0","27,685.3","27,849.4","27,650.1","108.34K","0.52%"
"05/05/2021","27,683.5","27,702.0","27,747.5","27,638.5","121.95K","-0.02%"
"05/04/2021","27,690.0","27,813.6","27,818.2","27,671.4","116.20K","-0.42%"
"05/03/2021","27,805.4","27,737.5","27,842.4","27,694.8","68.48K","0.36%"
"04/30/2021","27,706.3","27,942.7","27,959.9","27,702.9","94.17K","-0.83%"
"04/29/2021","27,939.1","27,948.0","28,004.5","27,901.2","104.14K","0.00%"
"04/28/2021","27,939.9","27,864.8","27,969.9","27,785.5","87.04K","0.30%"
"04/27/2021","27,855.5","27,835.3","27,868.3","27,781.8","117.37K","0.09%"
"04/26/2021","27,830.0","27,900.9","27,957.7","27,790.4","94.17K","-0.30%"
"04/23/2021","27,912.4","27,723.3","27,917.1","27,714.1","94.71K","0.70%"
"04/22/2021","27,718.6","27,770.8","27,849.1","27,670.3","114.08K","-0.18%"
"04/21/2021","27,767.3","27,775.4","27,792.7","27,685.4","116.31K","0.01%"
"04/20/2021","27,764.9","27,771.9","27,875.8","27,740.8","109.16K","0.00%"
"04/19/2021","27,763.7","27,644.7","27,801.9","27,547.8","82.30K","0.44%"
"04/16/2021","27,641.2","27,613.3","27,671.2","27,569.1","107.30K","0.12%"
"04/15/2021","27,606.8","27,648.6","27,676.7","27,586.7","127.73K","-0.13%"
"04/14/2021","27,642.8","27,564.6","27,667.1","27,561.2","108.56K","0.30%"
"04/13/2021","27,560.5","27,476.3","27,584.2","27,404.3","104.21K","0.33%"
"04/12/2021","27,470.5","27,428.4","27,497.1","27,382.9","97.86K","0.08%"
"04/09/2021","27,449.7","27,501.8","27,520.2","27,371.9","83.41K","-0.18%"
"04/08/2021","27,498.8","27,403.9","27,536.4","27,381.7","87.08K","0.33%"
"04/07/2021","27,407.8","27,420.0","27,515.9","27,388.9","105.53K","-0.04%"
"04/06/2021","27,419.4","27,266.7","27,428.1","27,229.7","81.86K","0.59%"
"04/05/2021","27,258.6","27,138.5","27,281.7","27,090.2","39.43K","0.44%"
"04/02/2021","27,138.5","27,169.5","27,203.2","27,109.7","46.85K","-0.08%"
"04/01/2021","27,159.0","27,068.1","27,177.6","27,020.7","114.06K","0.36%"
"03/31/2021","27,061.2","27,034.7","27,137.4","27,004.6","109.18K","0.14%"
"03/30/2021","27,024.2","27,142.5","27,168.0","27,024.3","73.54K","-0.41%"
"03/29/2021","27,134.9","27,229.3","27,234.0","27,134.4","84.21K","-0.31%"
"03/26/2021","27,220.7","27,156.0","27,253.6","27,154.9","101.91K","0.24%"
"03/25/2021","27,156.0","27,267.4","27,312.7","27,151.4","109.85K","-0.39%"
"03/24/2021","27,262.1","27,352.1","27,360.3","27,258.1","124.62K","-0.26%"
"03/23/2021","27,333.3","27,537.8","27,557.4","27,330.2","94.57K","-0.74%"
"03/22/2021","27,536.6","27,456.9","27,571.2","27,392.3","99.74K","0.27%"
"03/19/2021","27,463.8","27,484.3","27,549.2","27,398.1","108.44K","-0.07%"
"03/18/2021","27,481.9","27,617.6","27,656.2","27,463.6","98.77K","-0.44%"
"03/17/2021","27,603.3","27,482.6","27,633.7","27,409.6","101.61K","0.49%"
"03/16/2021","27,467.6","27,534.5","27,590.0","27,427.2","96.97K","-0.23%"
"03/15/2021","27,531.0","27,557.1","27,595.2","27,491.8","96.83K","-0.09%"
"03/12/2021","27,555.3","27,623.8","27,638.8","27,459.1","107.53K","-0.25%"
"03/11/2021","27,624.3","27,495.9","27,641.1","27,469.4","104.74K","0.49%"
"03/10/2021","27,489.5","27,442.6","27,504.0","27,361.1","111.88K","0.19%"
"03/09/2021","27,436.8","27,289.6","27,480.6","27,261.9","127.77K","0.62%"
"03/08/2021","27,268.5","27,461.1","27,486.5","27,281.5","119.40K","-0.66%"
"03/05/2021","27,448.4","27,550.3","27,574.5","27,395.5","121.60K","-0.35%"
"03/04/2021","27,544.5","27,776.2","27,785.4","27,534.2","130.07K","-0.80%"
"03/03/2021","27,766.7","27,837.1","27,891.3","27,727.9","125.23K","-0.23%"
"03/02/2021","27,831.3","27,748.8","27,846.3","27,606.9","117.19K","0.36%"
"03/01/2021","27,732.2","27,801.6","27,859.8","27,698.2","138.91K","-0.20%"
"02/26/2021","27,788.3","28,040.2","28,063.2","27,762.5","158.35K","-0.88%"
"02/25/2021","28,035.2","28,006.9","28,196.8","27,983.5","179.32K","0.15%"
"02/24/2021","27,994.6","27,981.4","28,032.2","27,876.8","130.69K","0.08%"
"02/23/2021","27,973.1","27,989.2","28,045.6","27,946.9","149.84K","-0.02%"
"02/22/2021","27,978.5","27,893.3","28,022.6","27,838.4","111.61K","0.31%"
"02/19/2021","27,890.9","27,829.3","27,957.8","27,786.1","128.48K","0.25%"
"02/18/2021","27,820.5","27,704.3","27,839.6","27,685.3","126.82K","0.45%"
"02/17/2021","27,697.1","27,862.0","27,873.5","27,668.6","134.25K","-0.56%"
"02/16/2021","27,853.6","27,913.7","28,010.4","27,835.5","123.99K","-0.19%"
"02/15/2021","27,906.5","27,901.1","27,952.9","27,885.0","86.10K","0.08%"
"02/12/2021","27,883.5","27,917.2","27,929.8","27,804.4","96.59K","-0.08%"
"02/11/2021","27,906.5","27,889.6","27,963.2","27,876.9","103.48K","0.10%"
"02/10/2021","27,878.9","27,891.9","27,950.6","27,866.6","125.15K","-0.01%"
"02/09/2021","27,881.2","27,696.5","27,899.9","27,687.3","134.14K","0.75%"
"02/08/2021","27,674.3","27,708.6","27,743.3","27,613.4","150.89K","-0.08%"
"02/05/2021","27,696.6","27,547.1","27,728.2","27,490.6","106.02K","0.60%"
"02/04/2021","27,530.5","27,705.2","27,725.9","27,531.0","116.53K","-0.61%"
"02/03/2021","27,700.0","27,734.4","27,790.5","27,631.6","140.67K","-0.10%"
"02/02/2021","27,726.8","27,791.8","27,882.7","27,658.4","165.37K","-0.23%"
"02/01/2021","27,790.0","27,981.5","27,995.3","27,780.3","150.24K","-0.65%"
"01/29/2021","27,971.1","27,951.6","28,019.5","27,865.3","181.16K","0.08%"
"01/28/2021","27,949.8","27,937.8","28,000.0","27,854.7","194.48K","0.05%"
"01/27/2021","27,936.6","28,054.3","28,078.2","27,815.5","149.65K","-0.39%"
"01/26/2021","28,047.3","28,002.4","28,091.2","27,930.2","110.12K","0.21%"
"01/25/2021","27,987.9","28,073.4","28,114.6","27,950.5","109.60K","-0.29%"
"01/22/2021","28,069.3","28,062.3","28,127.1","28,023.6","108.37K","0.08%"
"01/21/2021","28,045.6","27,932.2","28,086.6","27,924.1","118.95K","0.43%"
"01/20/2021","27,926.3","27,981.1","28,054.8","27,864.1","111.49K","-0.17%"
"01/19/2021","27,973.5","27,863.3","28,020.3","27,853.0","98.75K","0.41%"
"01/18/2021","27,858.1","27,875.3","27,917.5","27,806.8","91.56K","0.00%"
"01/15/2021","27,857.9","28,033.7","28,054.5","27,849.9","105.02K","-0.64%"
"01/14/2021","28,036.6","28,040.7","28,091.4","27,932.3","100.49K","-0.01%"
"01/13/2021","28,038.9","28,161.9","28,193.2","27,999.2","103.15K","-0.40%"
"01/12/2021","28,150.8","28,022.5","28,165.3","27,989.5","117.46K","0.53%"
"01/11/2021","28,003.4","28,181.6","28,204.6","27,975.2","123.22K","-0.63%"
"01/08/2021","28,182.0","28,324.9","28,337.3","28,122.7","99.69K","-0.48%"
"01/07/2021","28,316.7","28,465.0","28,510.0","28,259.1","109.26K","-0.50%"
"01/06/2021","28,458.4","28,391.5","28,519.2","28,324.1","109.25K","0.28%"
"01/05/2021","28,379.2","28,266.1","28,416.9","28,262.6","107.76K","0.44%"
"01/04/2021","28,256.1","28,229.2","28,411.5","28,210.7","100.69K","-0.26%"
"01/01/2021","28,331.0","28,331.0","28,331.0","28,331.0","","0.55%"